Gostei***do***produto***,***tudo***ok***como***o***esperado***.
PROPN***DET***NOUN***PUNCT***PRON***NOUN***ADP***DET***NOUN***PUNCT
PROP|M|S|@SUBJ>***<artd>|ART|M|S|@>N***<np-idf>|N|M|S|@P<***PU|@PU***<quant>|INDP|M|S|@SUBJ>***<np-idf>|N|M|S|@<SUBJ***<com>|PRP|@N<***<artd>|ART|M|S|@>N***<np-def>|N|M|S|@P<***PU|@PU
ROOT = Gostei***case = produto***nmod = Gostei***punct = tudo***appos = Gostei***fixed = tudo***case = esperado***det = esperado***nmod = tudo***punct = Gostei
Muito***bom***boa***qualidade***.***Eu***recomendo***.
ADV***ADJ***ADJ***NOUN***PUNCT***PRON***VERB***PUNCT
<quant>|ADV|@>A***ADJ|M|S|@>N***ADJ|F|S|@>N***<np-idf>|N|F|S|@<SC***PU|@PU***PERS|M/F|1S|NOM|@SUBJ>***<mv>|V|PR|1S|IND|@FS-STA***PU|@PU
advmod = bom***ROOT = bom***amod = qualidade***obj = bom***punct = bom***nsubj = recomendo***ROOT = recomendo***punct = recomendo
Quero***um***preto***e***um***branco***vc***teria***?
VERB***DET***NOUN***CCONJ***DET***NOUN***ADJ***VERB***PUNCT
<mv>|V|PR|1S|IND|@FS-STA***<arti>|ART|M|S|@>N***<first-cjt>|<np-idf>|N|M|S|@<ACC***<co-acc>|KC|@CO***<arti>|ART|M|S|@>N***<np-idf>|N|M|S|@N<PRED***ADJ|M|S|@N<***<mv>|V|COND|3S|@FS-STA***PU|@PU
ROOT = Quero***det = preto***obj = Quero***cc = branco***det = branco***amod = vc***nsubj = teria***parataxis = Quero***punct = Quero
O***unico***problema***e***que***o***manuel***nao***e***em***portugues***demorei***pra***descrobrir***como***liogar***os***dois***a***o***mesmo***tempo***,***mais***consegui***achar***.
DET***ADJ***NOUN***CCONJ***SCONJ***DET***NOUN***CCONJ***CCONJ***ADP***NOUN***AUX***ADP***VERB***ADV***VERB***DET***NUM***ADP***DET***DET***NOUN***PUNCT***ADV***VERB***VERB***PUNCT
<artd>|ART|M|S|@>N***ADJ|M|S|@>N***<np-def>|N|M|S|@SUBJ>***<co-fcl>|<co-vfin>|KC|@CO***KS|@SUB***<artd>|ART|M|S|@>N***<np-def>|N|M|S|@SUBJ>***<co-sc>|KC|@CO***<co-advl>|KC|@CO***<cjt>|PRP|@<ADVL***<np-idf>|N|M|P|@P<***<aux>|V|FUT|3P|IND|@FS-STA***PRP|@<ADVL***<mv>|V|INF|@ICL-P<***<interr>|ADV|@ADVL>***<mv>|V|INF|@ICL-P<***<artd>|ART|M|P|@>N***<card>|NUM|M|P|@>N***<sam->|PRP|@N<***<artd>|<-sam>|DET|M|S|@>N***<diff>|DET|M|S|@>N***N|M|S|@P<***PU|@PU***<quant>|<KOMP>|<COMP>|ADV|@ADVL>***<mv>|V|PS|3S|IND|@FS-STA***<mv>|V|INF|@ICL-<ACC***PU|@PU
det = problema***amod = problema***nsubj = consegui***cc = demorei***mark = demorei***det = manuel***nsubj = demorei***amod = manuel***cc = demorei***case = portugues***obl = demorei***conj = problema***mark = descrobrir***xcomp = demorei***advmod = liogar***xcomp = descrobrir***det = dois***obj = liogar***case = tempo***det = tempo***amod = tempo***obl = liogar***punct = descrobrir***advmod = consegui***ROOT = consegui***xcomp = consegui***punct = consegui
primeiro***anivers√°rio***longe***,***estou***triste***e***muitooooo***feliz***a***o***mesmo***tempo
ADJ***NOUN***ADJ***PUNCT***VERB***ADJ***PUNCT***NOUN***ADJ***ADP***DET***DET***NOUN
<NUM-ord>|ADJ|M|S|@>N***<np-idf>|N|M|S|@NPHR***ADJ|M|S|@N<***PU|@PU***<mv>|V|PS|3S|IND|@FS-STA***<first-cjt>|ADJ|M|S|@<SC***KC|@CO***<cjt>|<np-idf>|N|M|S|@<ACC***ADJ|M|S|@N<***<sam->|PRP|@N<***<artd>|<-sam>|DET|M|S|@>N***<diff>|DET|M|S|@>N***N|M|S|@P<
amod = anivers√°rio***nsubj = triste***amod = anivers√°rio***punct = anivers√°rio***cop = triste***ROOT = triste***cc = muitooooo***conj = triste***obj = triste***case = tempo***det = tempo***amod = tempo***obl = triste
Qual***hor√°rio***posso***retirar***?
DET***NOUN***PRON***VERB***PUNCT
<diff>|<KOMP>|DET|M|S|@>N***<np-idf>|N|M|S|@SUBJ>***PERS|M|3S|ACC|@ACC>-PASS***<mv>|V|INF|@ICL-AUX<***PU|@PU
det = hor√°rio***nsubj = retirar***aux = retirar***ROOT = retirar***punct = retirar
Mano***n√£o***briga***,***arranja***treta***.
PROPN***ADV***VERB***PUNCT***VERB***ADJ***PUNCT
PROP|M|S|@SUBJ>***ADV***<mv>|V|PR|3S|IND|@FS-STA***PU|@PU***<mv>|V|PR|3S|IND|@FS-STA***ADJ|F|S|@N<***PU|@PU
nsubj = briga***advmod = briga***ROOT = briga***punct = arranja***amod = treta***obj = briga***punct = briga
segue***respirando***com***a***ajuda***de***aparelhos
AUX***VERB***ADP***DET***NOUN***ADP***NOUN
<aux>|V|PR|3S|IND|@FS-STA***<mv>|V|GER|@ICL-AUX<***PRP|@<PIV***<artd>|ART|F|S|@>N***<np-def>|N|F|S|@P<***PRP|@N<***<np-idf>|N|M|P|@P<
ROOT = segue***advcl = segue***case = ajuda***det = ajuda***obl = respirando***case = aparelhos***nmod = ajuda
Que***√©***isso***v√©io***!
SCONJ***VERB***PRON***ADJ***PUNCT
KS|@SUB***<mv>|V|PR|3S|IND|@FS-STA***<dem>|INDP|M|S|@SUBJ>***ADJ|F|S|@<SC***PU|@PU
nsubj = v√©io***cop = v√©io***nsubj = v√©io***ROOT = v√©io***punct = v√©io
Veja***bem***em***quem***vota***a√≠***nas***elei√ß√µes***rapaziada
VERB***ADV***ADP***PRON***NOUN***ADV***ADJ***NOUN***VERB
<mv>|V|PR|3S|SUBJ|@FS-STA***<quant>|ADV|@<ADVL***PRP|@<ADVL***<rel>|INDP|M|S|@P<***<np-idf>|N|F|S|@P<***<kc>|ADV|@ADVL>***ADJ|F|P|@>N***<np-def>|N|F|P|@<ACC***<mv>|V|PCP|F|S|@ICL-N<
ROOT = Veja***advmod = Veja***case = quem***obl = vota***ccomp = Veja***advmod = vota***amod = elei√ß√µes***obj = vota***acl = elei√ß√µes
Mais***aten√ß√£o***galera***vamo***colaborar***pra***eles***faze***servi√ßo***de***qualidade***pra***nois***como***sempre***fazem***!
ADV***NOUN***VERB***ADJ***VERB***ADP***DET***ADJ***NOUN***ADP***NOUN***ADP***NOUN***ADV***ADV***VERB***PUNCT
<quant>|<KOMP>|ADV|@>A***<np-idf>|N|F|S|@SUBJ>***<mv>|V|PR|3S|IND|@FS-STA***ADJ|F|S|@N<***<mv>|V|INF|@ICL-AUX<***PRP|@<ADVL***<dem>|DET|F|P|@>N***ADJ|M|S|@>N***<np-idf>|N|M|S|@P<***PRP|@N<***<np-idf>|N|F|S|@P<***PRP|@N<***<np-idf>|N|M|S|@P<***<rel>|ADV|@ADVL>***ADV|@ADVL>***<mv>|V|PR|3P|IND|@FS-N<***PU|@PU
det = aten√ß√£o***nsubj = galera***ROOT = galera***xcomp = galera***xcomp = vamo***case = eles***obl = colaborar***amod = eles***obj = colaborar***case = qualidade***nmod = servi√ßo***case = nois***nmod = qualidade***advmod = fazem***advmod = fazem***xcomp = colaborar***punct = galera
Diz***ser***de***S√£o***Carlos***mais***nunca***ando***de***onibus***lotado***e***grito***calma***ai***motorista***eu***vo***desce***kkkkkkk***!
VERB***VERB***ADP***PROPN***PROPN***ADV***ADV***VERB***ADP***NOUN***VERB***CCONJ***NOUN***ADJ***ADP***ADJ***PRON***ADV***VERB***NOUN***PUNCT
<mv>|V|PR|3S|IND|@FS-STA***<mv>|V|INF|@ICL-<ACC***PRP|@<SC***PROPN***PROPN***<quant>|<KOMP>|ADV|@>A***ADV|@ADVL>***<mv>|V|GER|@ICL-<ADVL***PRP|@<PIV***<np-idf>|N|M|P|@P<***<mv>|V|PCP|M|S|@ICL-N<***<co-postnom>|KC|@CO***<np-idf>|N|M|S|@N<PRED***ADJ|M|S|@N<***PRP|@N<***ADJ|F|S|@N<***PERS|M/F|1S|NOM|@SUBJ>***ADV***<mv>|V|PR|3S|IND|@FS-STA***<np-idf>|N|F|S|@<ACC***PU|@PU
csubj = ai***cop = S√£o***case = S√£o***xcomp = Diz***flat:name = S√£o***advmod = nunca***advmod = ando***advcl = S√£o***case = onibus***xcomp = ando***acl = onibus***cc = grito***conj = lotado***amod = grito***ROOT = ai***obj = ai***nsubj = desce***iobj = desce***parataxis = ai***obj = desce***punct = ai
Ele***foi***trollado***kkkk
PRON***AUX***VERB***NOUN
PERS|M|3S|NOM|@SUBJ>***<aux>|V|PS|3S|IND|@FS-STA***<pass>|<mv>|V|PCP|M|S|@ICL-AUX<***<np-idf>|N|F|S|@<SC
nsubj:pass = trollado***aux:pass = trollado***ROOT = trollado***nsubj:pass = trollado
Vou***viajar***pra***fora***do***Brasil***,***SQN
AUX***VERB***ADP***ADV***ADP***PROPN***PUNCT***PROPN
<aux>|V|PR|1S|IND|@FS-STA***<mv>|V|INF|@ICL-AUX<***PRP|@<ADVL***ADV|@P<***PRP|@A<***PROP|M|S|@P<***PU|@PU***PROP|M|S|@APP
aux = viajar***ROOT = viajar***case = fora***advmod = viajar***case = Brasil***obl = fora***punct = viajar***appos = viajar
Voc√™***√©***meu***bife***,***amo***voc√™***:***(***-
PRON***VERB***DET***NOUN***PUNCT***VERB***PRON***PUNCT***PUNCT***PUNCT
PERS|M/F|3S|NOM|@SUBJ>***<mv>|V|PR|3S|IND|@FS-STA***<poss>|DET|M|S|@>N***<np-def>|N|M|S|@<SC***PU|@PU***<mv>|V|PR|3S|IND|@FS-STA***PERS|M/F|3S|NOM|@SUBJ>***PU|@PU***PU|@PU***PU|@PU
nsubj = bife***cop = bife***det = bife***ROOT = bife***punct = voc√™***case = voc√™***nmod = bife***punct = bife***punct = -***punct = bife
Ela***vive***postando***selfie***.***Quer***biscoito***essa***d***a√≠***...
PRON***VERB***VERB***NOUN***PUNCT***VERB***NOUN***ADP***ADP***ADV***PUNCT
PERS|F|3S|NOM|@SUBJ>***<mv>|V|PR|3S|IND|@FS-STA***<mv>|V|GER|@ICL-AUX<***<np-idf>|N|F|P|@<ACC***PU|@PU***<mv>|V|PR|3S|IND|@FS-STA***<np-idf>|N|M|S|@<ACC***PRP|@N<***PRP|@N<***<-sam>|ADV|@P<***PU|@PU
nsubj = vive***ROOT = vive***xcomp = vive***obj = postando***punct = vive***ROOT = Quer***obj = Quer***amod = biscoito***case = a√≠***advmod = essa***punct = Quer
Este***bon√©***√©***chavoso***demais***!
DET***NOUN***VERB***ADJ***VERB***PUNCT
<dem>|DET|M|S|@>N***<np-def>|N|M|S|@SUBJ>***<mv>|V|PR|3S|IND|@FS-STA***ADJ|M|S|@<SC***<mv>|V|INF|@ICL-<SUBJ***PU|@PU
det = bon√©***nsubj = chavoso***cop = chavoso***ROOT = chavoso***advmod = chavoso***punct = chavoso
Minha***foto***hitou***no***Instagram
DET***NOUN***VERB***PRON***PROPN
<poss>|DET|F|S|@>N***<np-def>|N|F|S|@SUBJ>***<mv>|V|PS|3S|IND|@FS-STA***PERS|M|3S|ACC|@<ACC***PROP|M|S|@<ACC
det = foto***nsubj = hitou***ROOT = hitou***obj = hitou***flat:name = no
Qual***√©***a***tua***,***men√≥***?***T√°***causando***no***rol√™***!
X***VERB***DET***NOUN***PUNCT***NOUN***PUNCT***AUX***VERB***PRON***NOUN***PUNCT
PRON***<mv>|V|PR|3S|IND|@FS-QUE***<artd>|ART|F|S|@>N***<np-def>|N|F|S|@<SC***PU|@PU***<np-idf>|N|M|S|@N<PRED***PU|@PU***<aux>|V|PR|3S|IND|@FS-STA***<mv>|V|GER|@ICL-AUX<***PERS|M|3S|ACC|@<ACC***<np-idf>|N|M|S|@<ACC***PU|@PU
dep = men√≥***cop = Qual***obl = tua***dep = Qual***punct = Qual***ROOT = men√≥***punct = men√≥***aux = causando***ROOT = causando***obj = causando***xcomp = causando***punct = causando
Voc√™***mitou***n***aquele***post
PRON***VERB***ADP***DET***NOUN
PERS|M/F|3S|NOM|@SUBJ>***<first-cjt>|<mv>|V|PS|3S|IND|@FS-STA***<sam->|PRP|@<SA***<-sam>|<dem>|DET|M|S|@>N***<np-def>|N|M|S|@P<
nsubj = mitou***ROOT = mitou***case = post***det = post***obl = mitou
Gra√ßas***a***Deus***,***sextou
ADV***ADP***PROPN***PUNCT***VERB
ADV|@ADVL>***PRP|@A<***PROP|M|S|@P<***PU|@PU***<mv>|V|PS|3S|IND|@FS-STA
advmod = sextou***case = Deus***obl = Gra√ßas***punct = Gra√ßas***ROOT = sextou
Minha***m√£e***t√°***na***Disney***que***eu***vou***voltar***√†***s***22h***da***festa
DET***NOUN***VERB***ADP***PROPN***SCONJ***PRON***AUX***VERB***ADP***DET***NOUN***ADP***NOUN
<poss>|DET|F|S|@>N***<np-def>|N|F|S|@SUBJ>***<mv>|V|PR|3S|IND|@FS-STA***PRP|@<SA***PROP|M|S|@P<***KS|@SUB***PERS|M/F|1S|NOM|@SUBJ>***<aux>|V|PR|1S|IND|@FS-STA***<mv>|V|INF|@ICL-AUX<***<sam->|PRP|@<ADVL***<-sam>|<artd>|ART|F|P|@>N***<np-def>|N|F|P|@P<***PRP|@N<***<np-idf>|N|F|S|@P<
det = m√£e***nsubj = t√°***ROOT = t√°***obj = t√°***obj = t√°***obj = voltar***nsubj = voltar***aux = voltar***acl:relcl = Disney***case = 22h***det = 22h***obl = voltar***case = festa***nmod = 22h
N√≥is***foi***mesmo***!
PROPN***VERB***ADV***PUNCT
PROP|M|S|@SUBJ>***<mv>|V|PS|3S|IND|@FS-STA***<quant>|ADV|@<ADVL***PU|@PU
nsubj = foi***cop = mesmo***ROOT = mesmo***punct = mesmo
Nesse***ponto***de***onibus***esperando***at√©***o***infinito***n√£o***vai***passar***n√£o***?
ADJ***NOUN***ADP***NOUN***VERB***ADP***DET***NOUN***ADV***AUX***VERB***ADV***PUNCT
ADJ|M|S|@>N***<np-idf>|N|M|S|@NPHR***PRP|@N<***<np-idf>|N|M|P|@P<***<mv>|V|GER|@ICL-<ADVL***PRP|@<ADVL***<artd>|ART|M|S|@>N***<np-def>|N|M|S|@P<***ADV***<aux>|V|PR|3S|IND|@FS-STA***<mv>|V|INF|@ICL-AUX<***ADV|@<ADVL***PU|@PU
csubj = passar***obj = Nesse***mark = onibus***acl = ponto***xcomp = onibus***case = infinito***det = infinito***obl = esperando***advmod = passar***aux = passar***ROOT = passar***advmod = passar***punct = passar
Ningu√©m***escreve***Am√©rica***sem***√ârica
PRON***VERB***PROPN***ADP***NOUN
INDP|M|S|@SUBJ>***<mv>|V|PR|3S|IND|@FS-STA***PROP|F|S|@<ACC***PRP|@<ADVL***<np-idf>|N|F|S|@P<
nsubj = escreve***ROOT = escreve***obj = escreve***case = √ârica***obl = escreve
to***bem***tb***kkk***vou***passar***pra***minha***m√£e***kkk
ADP***ADV***X***X***AUX***VERB***DET***DET***NOUN***ADJ
PRP|@ADVL>***<quant>|ADV|@>A***X***X***<aux>|V|IMPF|3S|IND|@FS-<ACC***<mv>|V|INF|@ICL-AUX<***<artd>|ART|F|S|@>N***<poss>|DET|F|S|@>N***<np-def>|N|F|S|@<ACC***ADJ|F|S|@N<
ROOT = to***advmod = to***advmod = passar***nsubj = passar***aux = passar***advcl = to***case = m√£e***det = m√£e***obl = passar***obj = passar
e***esse***trem***panor√¢mico***na***Su√≠ca***?
CCONJ***PRON***VERB***NOUN***PROPN***PROPN***PUNCT
<co-subj>|KC|@CO***<dem>|DET|M|S|@SUBJ>***<mv>|V|INF|3P|@ICL-P<***<np-idf>|N|M|S|@<ACC***PROPN***PROP|M|S|@P<***PU|@PU
cc = trem***nsubj = trem***ROOT = trem***obj = trem***obj = trem***obj = trem***punct = trem
Internautas***veem***ele***ali***escondido
PROPN***VERB***PRON***ADV***VERB
PROP|M|S|@SUBJ>***<mv>|V|FUT|3S|IND|@FS-STA***PERS|M|3S|NOM|@SUBJ>***ADV|@ADVL>***<mv>|V|PCP|M|S|@ICL-N<
nsubj = veem***aux = escondido***aux:pass = escondido***advmod = escondido***ROOT = escondido
Em***vc***nada***palha√ßo***,***vai***fazer***em***mim
ADP***NOUN***DET***NOUN***PUNCT***AUX***VERB***ADP***PRON
PRP|@ADVL>***N|F|S|@P<***<quant>|DET|M|S|@>N***<np-idf>|N|M|S|@P<***PU|@PU***<aux>|V|PR|3S|IND|@FS-STA***<mv>|V|INF|@ICL-AUX<***PRP|@<ADVL***PERS|M/F|1S|PIV|@P<
case = vc***obl = fazer***advmod = fazer***amod = nada***punct = nada***aux = fazer***ROOT = fazer***case = mim***obl = fazer
Mas***vc***n***bebe***n√©***?
PUNCT***PROPN***PRON***VERB***PRON***PUNCT
KC|@CO***PROPN***PERS|M/F|3S/P|ACC|@SUBJ>***<cjt>|<mv>|V|PR|3S|IND|@FS-STA***PERS|F|3S|ACC|@<ACC***PU|@PU
cc = bebe***nsubj = bebe***det = bebe***ROOT = bebe***obj = bebe***punct = bebe
Quero***acordar***cedo***,***mais***durmo***tarde***todos***os***dias***.
VERB***VERB***ADV***PUNCT***DET***NOUN***ADV***DET***ADP***NOUN***PUNCT
<mv>|V|PR|1S|IND|@FS-STA***<mv>|V|INF|@ICL-<ACC***ADV|@<ADVL***PU|@PU***<quant>|<KOMP>|<COMP>|DET|M|S|@>N***<np-idf>|N|M|S|@N<PRED***ADV|@ADVL>***<quant>|DET|M|P|@>N***PRP|@N<***N|M|S|@P<***PU|@PU
ROOT = Quero***xcomp = Quero***advmod = acordar***punct = durmo***advmod = durmo***obj = acordar***advmod = durmo***obj = durmo***case = dias***nmod = todos***punct = Quero
Ela***se***demitiu***,***n√£o***sei***porqu√™***.
PRON***PRON***VERB***PUNCT***ADV***VERB***PRON***PUNCT
PERS|F|3S|NOM|@SUBJ>***PERS|M|3S|ACC|@ACC>-PASS***<mv>|V|PS|3S|IND|@FS-STA***PU|@PU***ADV***<mv>|V|PS|1S|IND|@FS-STA***<quant>|INDP|M|S|@<ACC***PU|@PU
nsubj = demitiu***expl = demitiu***ROOT = demitiu***punct = sei***advmod = sei***ccomp = demitiu***obj = sei***punct = demitiu
Agente***vai***estudar***portugu√™s***hoje***.
ADV***AUX***VERB***NOUN***ADV***PUNCT
ADV|@ADVL>***<aux>|V|PR|3S|IND|@FS-STA***<mv>|V|INF|@ICL-AUX<***<np-idf>|N|M|S|@<ACC***ADV|@<ADVL***PU|@PU
advmod = estudar***aux = estudar***ROOT = estudar***obj = estudar***advmod = estudar***punct = estudar
Olha***se***tem***algum***trabalho***pra***mim***fazer***essa***semana***?
VERB***PRON***VERB***DET***NOUN***ADP***PRON***VERB***DET***NOUN***PUNCT
<mv>|V|PR|3S|IND|@FS-STA***PERS|M|3S|ACC|@ACC>-PASS***<mv>|V|PR|3S|IND|@FS-STA***<quant>|DET|M|S|@>N***<np-idf>|N|M|S|@<ACC***PRP|@N<***PERS|M/F|1S|PIV|@P<***<mv>|V|INF|@ICL-AUX<***<dem>|DET|F|S|@>N***<np-def>|N|F|S|@<ACC***PU|@PU
ROOT = Olha***expl = tem***xcomp = Olha***det = trabalho***obj = tem***case = mim***obl = fazer***xcomp = tem***det = semana***obj = fazer***punct = Olha
N√£o***consigo***enchergar***nada***sem***esses***√≥culos***.
ADV***VERB***VERB***PRON***ADP***DET***SYM***PUNCT
ADV***<mv>|V|PR|1S|IND|@FS-STA***<mv>|V|INF|@ICL-<ACC***<quant>|INDP|M|S|@<ACC***PRP|@<ADVL***<dem>|DET|M|P|@>N***<np-def>|N|M|P|@P<***PU|@PU
advmod = consigo***ROOT = consigo***xcomp = consigo***obj = enchergar***case = √≥culos***det = √≥culos***obl = enchergar***punct = consigo
Hoje***a***noite***vou***dirijir***at√©***minha***cidade***.
ADV***DET***NOUN***AUX***VERB***ADP***DET***NOUN***PUNCT
ADV|@ADVL>***<artd>|ART|F|S|@>N***<np-def>|N|F|S|@SUBJ>***<aux>|V|PS|3S|IND|@FS-STA***<mv>|V|INF|@ICL-AUX<***PRP|@<ADVL***<poss>|DET|F|S|@>N***<np-def>|N|F|S|@P<***PU|@PU
advmod = dirijir***det = noite***nsubj = dirijir***aux = dirijir***ROOT = dirijir***case = cidade***det = cidade***obl = dirijir***punct = dirijir
Gentilesa***gera***gentilesa***.
NOUN***VERB***ADJ***PUNCT
<np-idf>|N|F|S|@SUBJ>***<mv>|V|PR|3S|IND|@FS-STA***ADJ|F|S|@N<***PU|@PU
nsubj = gera***ROOT = gera***amod = gera***punct = gera
O***m√©dico***usou***o***aparelho***de***midir***pre√ß√£o***na***consulta***.
DET***NOUN***VERB***DET***NOUN***ADP***VERB***NOUN***ADP***NOUN***PUNCT
<artd>|ART|M|S|@>N***<np-def>|N|M|S|@SUBJ>***<mv>|V|PS|3S|IND|@FS-STA***<artd>|ART|M|S|@>N***<np-def>|N|M|S|@<ACC***PRP|@N<ARG***<mv>|V|INF|@ICL-P<***<np-idf>|N|F|S|@<ACC***PRP|@N<***<np-idf>|N|F|S|@<ACC***PU|@PU
det = m√©dico***nsubj = usou***ROOT = usou***det = aparelho***obj = usou***mark = midir***acl = aparelho***obj = midir***advmod = consulta***amod = pre√ß√£o***punct = usou
O***sr***.***deve***esperar***do***lado***de***fora***at√©***que***seja***atendido***.
DET***NOUN***PUNCT***AUX***VERB***ADP***NOUN***ADP***ADV***ADP***SCONJ***AUX***VERB***PUNCT
<artd>|ART|M|S|@>N***<np-def>|N|M|S|@SUBJ>***PU|@PU***<aux>|V|PR|3S|IND|@FS-STA***<mv>|V|INF|@ICL-AUX<***PRP|@<ADVL***N|@P<***PRP|@N<***ADV|@P<***PRP|@A<***KS|@SUB***<aux>|V|PR|3S|SUBJ|@FS-<ACC***<pass>|<mv>|V|PCP|M|S|@ICL-AUX<***PU|@PU
det = sr***ROOT = sr***punct = sr***aux = esperar***ROOT = esperar***case = lado***obl = esperar***case = fora***advmod = lado***mark = atendido***mark = atendido***aux:pass = atendido***advcl = esperar***punct = esperar
O***dr***.***disse***que***ir√°***atender***voc√™s***agora***.
DET***NOUN***PUNCT***VERB***SCONJ***AUX***VERB***NOUN***ADV***PUNCT
<artd>|ART|M|S|@>N***<np-def>|N|M|S|@SUBJ>***PU|@PU***<mv>|V|PS|3S|IND|@FS-STA***KS|@SUB***<aux>|V|FUT|3S|IND|@FS-<ACC***<mv>|V|INF|@ICL-AUX<***<np-idf>|N|M|S|@<ACC***<kc>|ADV|@<ADVL***PU|@PU
det = dr***ROOT = dr***punct = dr***ROOT = disse***mark = atender***aux = atender***ccomp = disse***obj = atender***advmod = voc√™s***punct = disse
Prof***.***,***quando***vai***ser***a***prova***?
PROPN***PUNCT***PUNCT***ADV***AUX***VERB***DET***NOUN***PUNCT
PROP|F|S|@NPHR***PU|@PU***PU|@PU***<rel>|ADV|@ADVL>***<aux>|V|PR|3S|IND|@FS-N<***<mv>|V|INF|@ICL-AUX<***<artd>|ART|F|S|@>N***<np-def>|N|F|S|@<SC***PU|@PU
nsubj = prova***punct = Prof***punct = Prof***advmod = ser***aux = ser***cop = prova***det = prova***ROOT = prova***punct = prova
Obs***.***:***entreguem***os***trabalhos***at√©***a***semana***que***vem***.
PROPN***PUNCT***PUNCT***VERB***DET***SYM***ADP***DET***NOUN***PRON***VERB***PUNCT
PROP|M|S|@NPHR***PU|@PU***PU|@PU***<mv>|V|PR|3P|IND|@FS-STA***<artd>|ART|M|P|@>N***<np-def>|N|M|P|@<SUBJ***PRP|@<ADVL***<artd>|ART|F|S|@>N***<np-def>|N|F|S|@P<***<rel>|INDP|F|S|@SUBJ>***<mv>|V|PR|3S|IND|@FS-N<***PU|@PU
ROOT = Obs***punct = Obs***punct = Obs***ROOT = entreguem***det = trabalhos***nsubj = entreguem***case = semana***det = semana***nmod = trabalhos***nsubj = vem***acl:relcl = semana***punct = entreguem
Aten√ß√£o***!***O***diretor***ir√°***falar***agora***.
NOUN***PUNCT***DET***NOUN***AUX***VERB***ADV***PUNCT
<np-idf>|N|F|S|@NPHR***PU|@PU***<artd>|ART|M|S|@>N***<np-def>|N|M|S|@SUBJ>***<aux>|V|FUT|3S|IND|@FS-STA***<mv>|V|INF|@ICL-AUX<***<kc>|ADV|@<ADVL***PU|@PU
ROOT = Aten√ß√£o***punct = Aten√ß√£o***det = diretor***nsubj = falar***aux = falar***ROOT = falar***advmod = falar***punct = falar
Cuidado***!***Piso***molhado***.
NOUN***PUNCT***NOUN***VERB***PUNCT
<np-idf>|N|M|S|@NPHR***PU|@PU***<np-idf>|N|M|S|@NPHR***<mv>|V|PCP|M|S|@ICL-N<***PU|@PU
ROOT = Cuidado***punct = Cuidado***ROOT = Piso***acl = Piso***punct = Piso
Viva***!***Encontramos***a***cura***!
PROPN***PUNCT***VERB***DET***NOUN***PUNCT
PROP|F|S|@NPHR***PU|@PU***<mv>|V|PR|1P|IND|@FS-STA***<artd>|ART|F|S|@>N***<np-def>|N|F|S|@<ACC***PU|@PU
ROOT = Viva***punct = Viva***ROOT = Encontramos***det = cura***obj = Encontramos***punct = Encontramos
Ufa***!***Acabamos***o***trabalho***.
NOUN***PUNCT***VERB***DET***NOUN***PUNCT
<np-idf>|N|F|S|@NPHR***PU|@PU***<mv>|V|PR|1P|IND|@FS-STA***<artd>|ART|M|S|@>N***<np-def>|N|M|S|@<ACC***PU|@PU
ROOT = Ufa***punct = Ufa***ROOT = Acabamos***det = trabalho***obj = Acabamos***punct = Acabamos
Tudo***bem***,***farei***o***que***me***pediu***.***;)
ADV***ADV***PUNCT***VERB***X***PRON***PRON***VERB***PUNCT***PUNCT
<quant>|ADV|@>A***<quant>|ADV|@<ADVL***PU|@PU***<mv>|V|FUT|3S|IND|@FS-STA***PRON***<rel>|INDP|M|S|@SUBJ>***<refl>|PERS|M/F|1S|ACC|@ACC>***<mv>|V|PS|3S|IND|@FS-N<***PU|@PU***PU|@PU
nsubj = farei***advmod = Tudo***punct = Tudo***ROOT = farei***det = que***obj = pediu***obj = pediu***ccomp = farei***punct = farei***ROOT = ;)
At√©***mais***,***beijos***.***;****
ADP***NOUN***PUNCT***NOUN***PUNCT***PUNCT***PUNCT
PRP|@ADVL>***N|M|S|@P<***PU|@PU***<np-idf>|N|M|P|@P<***PU|@PU***PU|@PU***PU|@PU
case = mais***advmod = beijos***punct = mais***ROOT = beijos***punct = beijos***punct = beijos***punct = beijos
S√≥***poderei***sair***do***trabalho***√†***s***19***horas***.***:/
ADV***VERB***VERB***DET***NOUN***ADP***DET***NUM***NOUN***PUNCT***VERB
ADV|@ADVL>***<mv>|V|PS|1S|IND|@FS-STA***<mv>|V|INF|@ICL-<ACC***<arti>|ART|M|S|@>N***<np-idf>|N|M|S|@<ACC***<sam->|PRP|@<ADVL***<-sam>|<artd>|ART|@>N***<card>|NUM|F|P|@>N***<np-def>|N|F|P|@P<***PU|@PU***<mv>|V|PS|3S|IND|@FS-STA
advmod = poderei***ROOT = poderei***xcomp = poderei***case = trabalho***obl = sair***case = horas***det = horas***nummod = horas***obl = sair***punct = poderei***ROOT = :/
Nunca***esperaria***isso***de***voc√™s***.***T_T
ADV***VERB***PRON***ADP***NOUN***PUNCT***NOUN
ADV|@ADVL>***<mv>|V|PR|3S|IND|@FS-STA***<dem>|INDP|M|S|@<ACC***PRP|@N<***<np-idf>|N|F|S|@P<***PU|@PU***<np-idf>|N|F|S|@NPHR
advmod = esperaria***ROOT = esperaria***obj = esperaria***case = voc√™s***nmod = isso***punct = esperaria***ROOT = T_T
Uai***,***mas***isso***n√£o***faz***sentido***.
PROPN***PUNCT***CCONJ***PRON***ADV***VERB***NOUN***PUNCT
PROP|M|S|@SUBJ>***PU|@PU***<co-fcl>|<co-fmc>|<co-vfin>|KC|@CO***<dem>|INDP|M|S|@SUBJ>***ADV***<mv>|V|PR|3S|IND|@FS-STA***<np-idf>|N|M|S|@<ACC***PU|@PU
ROOT = Uai***punct = faz***cc = faz***nsubj = faz***advmod = faz***conj = Uai***obj = faz***punct = Uai
Eita***,***√©***s√©rio***que***ele***sofreu***um***acidente***?
NOUN***PUNCT***VERB***ADJ***SCONJ***PRON***VERB***DET***NOUN***PUNCT
<np-idf>|N|F|S|@NPHR***PU|@PU***<mv>|V|PR|3S|IND|@FS-STA***ADJ|M|S|@<SC***KS|@SUB***PERS|M|3S|NOM|@SUBJ>***<mv>|V|PS|3S|IND|@FS-N<***<arti>|ART|M|S|@>N***<np-idf>|N|M|S|@<ACC***PU|@PU
nsubj = s√©rio***punct = Eita***cop = s√©rio***ROOT = s√©rio***mark = sofreu***nsubj = sofreu***csubj = s√©rio***det = acidente***obj = sofreu***punct = s√©rio
T√°***tirando***uma***com***a***minha***cara***?
AUX***VERB***DET***ADP***DET***DET***NOUN***PUNCT
<aux>|V|PR|3S|IND|@FS-STA***<mv>|V|GER|@ICL-AUX<***<arti>|ART|F|S|@>N***PRP|@<ADVL***<artd>|ART|F|S|@>N***<poss>|DET|F|S|@>N***<np-def>|N|F|S|@P<***PU|@PU
aux = tirando***ROOT = tirando***obj = tirando***case = cara***det = cara***det = cara***obl = tirando***punct = tirando
Cuidado***:***esse***post***√©***NSFW***.
NOUN***PUNCT***DET***NOUN***VERB***PROPN***PUNCT
<np-idf>|N|M|S|@NPHR***PU|@PU***<dem>|DET|M|S|@>N***<np-def>|N|M|S|@SUBJ>***<mv>|V|PR|3S|IND|@FS-STA***PROP|M|S|@<SUBJ***PU|@PU
ROOT = Cuidado***punct = Cuidado***det = post***nsubj = NSFW***cop = NSFW***parataxis = Cuidado***punct = Cuidado
Se***a***gente***trocar***uma***ideia***,***talvez***funcione***.
SCONJ***DET***NOUN***VERB***DET***NOUN***PUNCT***ADV***NOUN***PUNCT
KS|@SUB***<artd>|ART|F|S|@>N***<np-def>|N|F|S|@SUBJ>***<mv>|V|PS|3S|IND|@FS-N<PRED***<arti>|ART|F|S|@>N***<np-idf>|N|F|S|@<ACC***PU|@PU***ADV|@>N***<np-idf>|N|M|S|@N<PRED***PU|@PU
mark = trocar***det = gente***nsubj = trocar***advcl = funcione***det = ideia***obj = trocar***punct = funcione***advmod = funcione***ROOT = funcione***punct = funcione
Ontem***√†***tarde***,***a***equipe***fez***o***brainstorm***do***projeto***.
ADV***ADP***ADV***PUNCT***DET***NOUN***VERB***DET***NOUN***ADJ***NOUN***PUNCT
ADV|@ADVL>***PRP|@A<***ADV|@P<***PU|@PU***<artd>|ART|F|S|@>N***<np-def>|N|F|S|@SUBJ>***<mv>|V|PS|3S|IND|@FS-STA***<artd>|ART|M|S|@>N***<np-def>|N|M|S|@<ACC***ADJ|M|S|@>N***<np-def>|N|M|S|@<ACC***PU|@PU
advmod = fez***case = tarde***advmod = Ontem***punct = Ontem***det = equipe***nsubj = fez***ROOT = fez***det = brainstorm***obj = fez***case = projeto***nmod = brainstorm***punct = fez
Preciso***dos***resultados***de***imediato***,***para***que***possa***ser***dado***o***feedback***.
NOUN***VERB***NOUN***ADP***NOUN***PUNCT***ADP***SCONJ***AUX***AUX***VERB***DET***NOUN***PUNCT
<np-idf>|N|M|S|@SUBJ>***<mv>|V|PCP|M|P|@ICL-N<***<np-idf>|N|M|P|@<ACC***PRP|@N<***N|M|S|@P<***PU|@PU***PRP|@<ADVL***KS|@SUB***<aux>|V|PR|3S|SUBJ|@FS-<ACC***<aux>|V|INF|@ICL-AUX<***<pass>|<mv>|V|PCP|M|S|@ICL-AUX<***<artd>|ART|M|S|@>N***<np-def>|N|M|S|@<SUBJ***PU|@PU
ROOT = Preciso***acl = Preciso***obj = dos***case = imediato***nmod = resultados***punct = dos***mark = dado***mark = dado***aux = dado***aux:pass = dado***advcl = Preciso***det = feedback***nsubj:pass = dado***punct = Preciso
To***do***:***listar***as***funcionalidades***do***sistema***.
ADP***ADV***PUNCT***VERB***DET***NOUN***ADP***NOUN***PUNCT
<sam->|PRP|@ADVL>***ADV|@N<***PU|@PU***<mv>|V|INF|@ICL-P<***<artd>|ART|F|P|@>N***<np-def>|N|F|P|@<ACC***PRP|@N<***<np-idf>|N|M|S|@P<***PU|@PU
nsubj = listar***obj = To***punct = To***ROOT = listar***det = funcionalidades***obj = listar***case = sistema***nmod = funcionalidades***punct = listar
Ou***,***bora***dar***um***rol√™***mais***tarde***?
PUNCT***PUNCT***ADV***VERB***DET***NOUN***ADV***ADV***PUNCT
KC|@CO***PU|@PU***ADV|@ADVL>***<mv>|V|INF|@ICL-<ACC***<arti>|ART|M|S|@>N***<np-idf>|N|M|S|@<ACC***<quant>|<KOMP>|ADV|@>A***ADV|@<ADVL***PU|@PU
cc = dar***punct = dar***aux = dar***ROOT = dar***det = rol√™***obj = dar***advmod = tarde***amod = rol√™***punct = dar
Ai***mds***,***q***q***a***gente***vai***fazer***agora***?
PROPN***PROPN***PUNCT***ADP***ADP***DET***NOUN***AUX***VERB***ADV***PUNCT
PROPN***PROPN***PU|@PU***<sam->|PRP|@ADVL>***<sam->|PRP|@N<***<artd>|ART|F|S|@>N***<np-def>|N|F|S|@P<***<aux>|V|PR|3S|IND|@FS-<ACC***<mv>|V|INF|@ICL-AUX<***<kc>|ADV|@<ADVL***PU|@PU
case = mds***obl = fazer***punct = fazer***cc = fazer***advmod = fazer***det = gente***nsubj = fazer***aux = fazer***ROOT = fazer***advmod = fazer***punct = fazer
N√£o***sei***a***onde***fica***o***ponto***de***√¥nibus***.
ADV***VERB***ADP***ADV***VERB***DET***NOUN***ADP***NOUN***PUNCT
ADV***<mv>|V|PS|1S|IND|@FS-STA***PRP|@<PIV***<rel>|ADV|@ADVL>***<mv>|V|PR|3S|IND|@FS-<ACC***<artd>|ART|M|S|@>N***<np-def>|N|M|S|@<SUBJ***PRP|@N<***<np-idf>|N|M|S|@P<***PU|@PU
advmod = sei***ROOT = sei***case = onde***advmod = fica***ccomp = sei***det = ponto***nsubj = fica***case = √¥nibus***nmod = ponto***punct = sei
O***pote***estava***emcima***da***mesa***.
DET***NOUN***VERB***ADJ***ADP***NOUN***PUNCT
<artd>|ART|M|S|@>N***<np-def>|N|M|S|@SUBJ>***<mv>|V|IMPF|3S|IND|@FS-STA***ADJ|F|S|@<SC***PRP|@N<***<np-idf>|N|F|S|@P<***PU|@PU
det = pote***nsubj = emcima***cop = emcima***ROOT = emcima***case = mesa***obl = emcima***punct = emcima
Vou***ver***se***tem***alguma***tarefa***pra***mim***fazer***hoje***.
AUX***VERB***SCONJ***VERB***DET***NOUN***ADP***AUX***VERB***ADV***PUNCT
<aux>|V|PR|1S|IND|@FS-STA***<mv>|V|INF|@ICL-AUX<***KS|@SUB***<mv>|V|PR|3S|IND|@FS-<ACC***<quant>|DET|F|S|@>N***<np-idf>|N|F|S|@<ACC***PRP|@N<***<aux>|V|INF|@ICL-P<***<mv>|V|INF|@ICL-<ACC***ADV|@<ADVL***PU|@PU
aux = ver***ROOT = ver***mark = tem***ccomp = ver***det = tarefa***obj = tem***case = mim***obl = fazer***xcomp = tem***advmod = fazer***punct = ver
Hoje***tinha***menas***pessoas***na***aula***do***que***ontem***.
ADV***VERB***NOUN***NOUN***ADP***NOUN***ADV***ADP***ADV***PUNCT
ADV|@ADVL>***<mv>|V|IMPF|3S|IND|@FS-STA***<np-idf>|N|F|P|@<ACC***<np-idf>|N|F|P|@<ACC***PRP|@N<***<np-idf>|N|F|S|@P<***ADV|@N<***PRP|@A<***ADV|@ADVL>***PU|@PU
advmod = tinha***ROOT = tinha***det = pessoas***obj = tinha***amod = pessoas***amod = pessoas***dep = tinha***dep = tinha***advmod = tinha***punct = tinha
Ontem***agente***foi***no***cinema***.
ADV***ADV***VERB***ADP***NOUN***PUNCT
ADV|@ADVL>***ADV|@ADVL>***<mv>|V|PS|3S|IND|@FS-STA***PRP|@<SC***<np-idf>|N|M|S|@<SC***PU|@PU
advmod = foi***advmod = foi***ROOT = foi***advmod = cinema***xcomp = foi***punct = foi
Vei***o***Ruan***ta***na***Disney***.
VERB***DET***PROPN***ADV***ADP***PROPN***PUNCT
<mv>|V|PS|3S|IND|@FS-STA***<artd>|ART|M|S|@>N***PROP|M|S|@SUBJ>***ADV|@>A***PRP|@<SA***PROP|M|S|@P<***PU|@PU
case = Ruan***det = Ruan***nsubj = ta***ROOT = ta***obj = ta***obj = ta***punct = ta
Fui***na***entrevista***,***mas***deu***ruim***.***A***vaga***j√°***havia***sido***preenchida***.
VERB***ADP***NOUN***PUNCT***CCONJ***VERB***NOUN***PUNCT***DET***NOUN***ADV***AUX***VERB***VERB***PUNCT
<mv>|V|IMPF|3S|IND|@FS-STA***PRP|@<SA***<np-idf>|N|F|S|@<SC***PU|@PU***<co-sta>|<co-fmc>|<co-vfin>|KC|@CO***<cjt>|<mv>|V|PS|3S|IND|@FS-STA***<np-idf>|N|M|S|@<ACC***PU|@PU***<artd>|ART|F|S|@>N***<np-def>|N|F|S|@SUBJ>***ADV|@ADVL>***<aux>|V|IMPF|3S|IND|@FS-STA***<mv>|<mqpc-ind>|V|PCP|M|S|@ICL-AUX<***<pass>|<mv>|V|PCP|F|S|@ICL-AUX<***PU|@PU
cop = entrevista***det = entrevista***ROOT = entrevista***punct = deu***cc = deu***conj = entrevista***obj = deu***punct = entrevista***det = vaga***nsubj:pass = preenchida***advmod = preenchida***aux = preenchida***aux:pass = preenchida***ROOT = preenchida***punct = preenchida
Mano***do***c√©u***,***acho***que***eu***tirei***zero***na***prova***.
PROPN***DET***NOUN***PUNCT***VERB***SCONJ***PRON***VERB***NUM***ADP***NOUN***PUNCT
PROP|M|S|@SUBJ>***<artd>|ART|F|P|@>N***<np-def>|N|M|S|@SUBJ>***PU|@PU***<mv>|V|PR|1S|IND|@FS-STA***KS|@SUB***PERS|M/F|1S|NOM|@SUBJ>***<mv>|V|PS|1S|IND|@FS-STA***<card>|NUM|M|P|@N<***PRP|@A<***<np-idf>|N|F|S|@<ACC***PU|@PU
nsubj = acho***case = c√©u***nmod = Mano***punct = Mano***ROOT = acho***mark = tirei***nsubj = tirei***ccomp = acho***nummod = prova***det = prova***obj = tirei***punct = acho
Que***isso***ai***fi***?
SCONJ***PRON***VERB***PUNCT***PUNCT
KS|@SUB***<dem>|INDP|M|S|@SUBJ>***<mv>|V|PR|3P|IND|@FS-N<***PU|@PU***PU|@PU
mark = ai***nsubj = ai***ROOT = ai***obj = ai***punct = ai
Pode***deixar***,***qualquer***coisa***eu***te***aviso***blz***?
AUX***VERB***PUNCT***DET***NOUN***PRON***PRON***NOUN***ADJ***PUNCT
<aux>|V|PR|3S|IND|@FS-STA***<mv>|V|INF|@ICL-AUX<***PU|@PU***<quant>|DET|F|S|@>N***<np-idf>|N|F|S|@<ACC***PERS|M/F|1S|NOM|@SUBJ>***PERS|F|3S|ACC|@ACC>-PASS***<np-idf>|N|M|S|@<ACC***ADJ|M|S|@N<***PU|@PU
aux = deixar***ROOT = deixar***punct = deixar***det = coisa***nsubj = aviso***nsubj = aviso***iobj = aviso***ccomp = deixar***obj = aviso***punct = deixar
Eu***vi***vc***na***festa***ontem***,***mas***n√£o***deu***pra***ir***falar***com***vc***.
PRON***VERB***SCONJ***ADP***NOUN***ADV***PUNCT***CCONJ***ADV***VERB***ADP***VERB***VERB***ADP***NOUN***PUNCT
PERS|M|1S|NOM|@SUBJ>***<mv>|V|PS|1S|IND|@FS-STA***KS|@SUB***PRP|@<ADVL***<np-idf>|N|F|S|@P<***ADV|@<ADVL***PU|@PU***<co-fcl>|<co-fmc>|<co-vfin>|KC|@CO***ADV***<cjt>|<mv>|V|PS|3S|IND|@FS-STA***PRP|@<ADVL***<mv>|V|INF|@ICL-AUX<***<mv>|V|INF|@ICL-AUX<***PRP|@<ADVL***N|M|S|@P<***PU|@PU
nsubj = vi***ROOT = vi***obj = vi***obj = vi***obj = vi***advmod = festa***punct = deu***cc = deu***advmod = deu***conj = vi***mark = ir***aux = falar***xcomp = deu***case = vc***obl = falar***punct = vi
O***prof***de***matem√°tica***postou***a***lista***ontem***.
DET***NOUN***ADP***NOUN***VERB***DET***NOUN***ADV***PUNCT
<artd>|ART|M|S|@>N***<np-def>|N|M|S|@SUBJ>***PRP|@N<***<np-idf>|N|F|S|@P<***<mv>|V|PS|3S|IND|@FS-STA***<artd>|ART|F|S|@>N***<np-def>|N|F|S|@<ACC***ADV|@<ADVL***PU|@PU
det = prof***nsubj = postou***case = matem√°tica***nmod = prof***ROOT = postou***det = lista***obj = postou***advmod = lista***punct = postou
Ela***formou***em***adm***na***UFLA***.
PRON***VERB***ADP***ADV***ADP***PROPN***PUNCT
PERS|F|3S|NOM|@SUBJ>***<mv>|V|PS|3S|IND|@FS-STA***PRP|@<ADVL***<-sam>|ADV|@P<***PRP|@A<***PROP|M|S|@P<***PU|@PU
nsubj = formou***ROOT = formou***case = adm***obl = formou***obl = formou***obj = formou***punct = formou
Ela***me***chingou***muito***porque***eu***quebrei***a***janela***da***sala***.
PRON***PRON***VERB***ADV***SCONJ***PRON***DET***DET***NOUN***ADP***NOUN***PUNCT
PERS|F|3S|NOM|@SUBJ>***<refl>|PERS|M/F|1S|ACC|@ACC>***<mv>|V|PS|3S|IND|@FS-STA***<quant>|ADV|@<ADVL***KS|@SUB***PERS|M/F|1S|NOM|@SUBJ>***<quant>|DET|M|S|@>N***<artd>|ART|F|S|@>N***<np-def>|N|F|S|@<ACC***PRP|@N<***<np-idf>|N|F|S|@P<***PU|@PU
nsubj = chingou***obj = chingou***ROOT = chingou***advmod = chingou***mark = quebrei***nsubj = quebrei***advcl = chingou***det = janela***obj = quebrei***case = sala***nmod = janela***punct = chingou
Eu***vou***voltar***de***t√°xi***,***o***metr√¥***para***muito***lonje***da***minha***casa***.
PRON***AUX***VERB***ADP***NOUN***PUNCT***DET***NOUN***ADP***ADV***NOUN***ADP***DET***NOUN***PUNCT
PERS|M|1S|NOM|@SUBJ>***<aux>|V|PR|1S|IND|@FS-STA***<mv>|V|INF|@ICL-AUX<***PRP|@<ADVL***<np-idf>|N|M|S|@P<***PU|@PU***<artd>|ART|M|S|@>N***<np-def>|N|M|S|@SUBJ>***PRP|@<ADVL***<quant>|ADV|@>A***<np-idf>|N|M|P|@P<***ADP***<poss>|DET|F|S|@>N***<np-def>|N|F|S|@P<***PU|@PU
nsubj = voltar***aux = voltar***ROOT = voltar***case = t√°xi***obl = voltar***punct = voltar***det = metr√¥***obj = voltar***case = lonje***det = lonje***nmod = metr√¥***case = casa***det = casa***nmod = lonje***punct = voltar
A***menina***chegou***atrazada***para***a***aula***de***engenharia***de***software***.
DET***NOUN***VERB***VERB***ADP***DET***NOUN***ADP***NOUN***ADP***NOUN***PUNCT
<artd>|ART|F|S|@>N***<np-def>|N|F|S|@SUBJ>***<mv>|V|PS|3S|IND|@FS-STA***<mv>|V|PCP|F|S|@ICL-<SC***PRP|@<ADVL***<artd>|ART|F|S|@>N***<np-def>|N|F|S|@P<***PRP|@N<***<np-idf>|N|F|S|@P<***PRP|@N<***<np-idf>|N|M|S|@P<***PU|@PU
det = menina***nsubj = chegou***ROOT = chegou***dep = chegou***case = aula***det = aula***obl = atrazada***case = engenharia***nmod = aula***case = software***nmod = engenharia***punct = chegou
O***probrema***de***mat√©matica***estava***muito***dificiu***de***resolver***.
DET***NOUN***ADP***NOUN***VERB***ADV***ADJ***ADP***VERB***PUNCT
<artd>|ART|M|S|@>N***<np-def>|N|M|S|@SUBJ>***PRP|@N<***<np-idf>|N|F|S|@P<***<mv>|V|IMPF|3S|IND|@FS-STA***<quant>|ADV|@>A***ADJ|M|S|@<SC***PRP|@N<***<mv>|V|INF|@ICL-P<***PU|@PU
det = probrema***nsubj = dificiu***case = mat√©matica***nmod = probrema***cop = dificiu***advmod = dificiu***ROOT = dificiu***mark = resolver***advcl = dificiu***punct = dificiu
O***paciente***sofre***de***ELA***,***infelizmente***a***√∫nica***coisa***que***podemos***fazer***√©***tratar***os***sintomas***.
DET***NOUN***VERB***ADP***PROPN***PUNCT***ADV***DET***ADJ***NOUN***PRON***AUX***VERB***VERB***VERB***DET***NOUN***PUNCT
<artd>|ART|M|S|@>N***<np-def>|N|M|S|@SUBJ>***<mv>|V|PR|3S|IND|@FS-STA***PRP|@<PIV***PROP|M|S|@P<***PU|@PU***ADV|@>N***<artd>|ART|F|S|@>N***ADJ|F|S|@>N***<np-def>|N|F|S|@<ACC***<rel>|INDP|F|S|@ACC>***<aux>|V|PR|1P|IND|@FS-STA***<mv>|V|INF|@ICL-AUX<***<mv>|V|PR|3S|IND|@FS-STA***<mv>|V|INF|@ICL-<SC***<artd>|ART|M|P|@>N***<np-def>|N|F|P|@<ACC***PU|@PU
det = sofre***advmod = sofre***ROOT = sofre***case = ELA***obl = sofre***punct = sofre***advmod = coisa***det = coisa***amod = coisa***nsubj = tratar***nsubj = fazer***aux = fazer***acl:relcl = coisa***cop = tratar***conj = sofre***det = sintomas***obj = tratar***punct = sofre
Basta***acessar***a***homepage***para***saber***as***inform√ß√µes***da***empresa***.
VERB***VERB***DET***NOUN***ADP***VERB***DET***NOUN***ADP***NOUN***PUNCT
<mv>|V|PR|3S|IND|@FS-STA***<mv>|V|INF|@ICL-<SUBJ***<artd>|ART|F|S|@>N***<np-def>|N|F|S|@<ACC***PRP|@<ADVL***<mv>|V|INF|@ICL-P<***<artd>|ART|F|P|@>N***<np-def>|N|F|P|@<ACC***PRP|@N<***<np-idf>|N|F|S|@P<***PU|@PU
ROOT = Basta***xcomp = Basta***det = homepage***obj = acessar***mark = saber***advcl = acessar***det = inform√ß√µes***obj = saber***case = empresa***nmod = inform√ß√µes***punct = Basta
Basta***mudar***a***configura√ß√£o***no***BIOS***.
VERB***VERB***DET***NOUN***ADP***PROPN***PUNCT
<mv>|V|PR|3S|IND|@FS-STA***<mv>|V|INF|@ICL-<ACC***<artd>|ART|F|S|@>N***<np-def>|N|F|S|@<ACC***PRP|@N<ARG***PROP|M|S|@P<***PU|@PU
ROOT = Basta***xcomp = Basta***det = configura√ß√£o***obj = mudar***appos = configura√ß√£o***flat:name = no***punct = Basta
Em***rela√ß√£o***√†***dona***Regina***,***o***progn√≥stico***√©***favor√°vel***no***caso***de***pronta-suspens√£o***do***rem√©dio***.
ADP***NOUN***ADP***VERB***PROPN***PUNCT***DET***NOUN***VERB***ADJ***ADP***NOUN***ADP***NOUN***ADP***NOUN***PUNCT
<sam->|PRP|@ADVL>***N|@P<***PRP|@N<***<mv>|V|PR|3S|IND|@FS-STA***PROP|F|S|@N<***PU|@PU***<artd>|ART|M|S|@>N***<np-def>|N|M|S|@SUBJ>***<mv>|V|PR|3S|IND|@FS-STA***ADJ|M|S|@<SC***<sam->|PRP|@A<***<np-def>|N|M|S|@<SC***PRP|@N<***<np-idf>|N|F|S|@P<***PRP|@N<***<np-def>|N|M|S|@<ACC***PU|@PU
case = rela√ß√£o***obl = favor√°vel***mark = dona***acl = rela√ß√£o***obj = dona***punct = dona***det = progn√≥stico***nsubj = favor√°vel***cop = favor√°vel***ROOT = favor√°vel***case = caso***obl = favor√°vel***case = pronta-suspens√£o***nmod = caso***case = rem√©dio***nmod = pronta-suspens√£o***punct = favor√°vel
Vou***dormir***,***beijos***:*****
AUX***VERB***PUNCT***NOUN***PUNCT***PUNCT
<aux>|V|PR|3P|IND|@FS-STA***<mv>|V|INF|@ICL-AUX<***PU|@PU***<np-idf>|N|M|P|@<ACC***PU|@PU***PU|@PU
aux = dormir***ROOT = dormir***punct = beijos***obj = dormir***punct = dormir***punct = dormir
N√£o***vai***dar***pra***eu***ir***,***to***meio***doente***hoje***:(
ADV***AUX***VERB***ADP***PRON***VERB***PUNCT***PROPN***NOUN***ADJ***ADV***PROPN
ADV***<aux>|V|PR|3S|IND|@FS-STA***<mv>|V|INF|@ICL-AUX<***PRP|@<ADVL***PERS|M/F|1S|NOM|@SUBJ>***<mv>|V|INF|@ICL-AUX<***PU|@PU***PROPN***NOUN***ADJ|M|S|@N<***ADV|@<ADVL***PROP|M|S|@<SUBJ
advmod = dar***aux = dar***ROOT = dar***mark = ir***nsubj = ir***advcl = dar***punct = dar***case = doente***advmod = doente***parataxis = dar***advmod = doente***nsubj = doente
Acho***que***n√£o***vai***ter***aula***hoje***:D
VERB***SCONJ***ADV***AUX***VERB***NOUN***ADV***PUNCT
<mv>|V|PR|1S|IND|@FS-STA***KS|@SUB***ADV***<aux>|V|PR|3S|IND|@FS-<ACC***<mv>|V|INF|@ICL-AUX<***<np-idf>|N|F|S|@<ACC***ADV|@<ADVL***PU|@PU
ROOT = Acho***mark = ter***advmod = ter***aux = ter***ccomp = Acho***obj = ter***advmod = aula***ROOT = :D
A***Silvia***tava***linda***na***festa***s√°bado*******-****
DET***PROPN***VERB***NOUN***ADP***ADJ***NOUN***PUNCT***PUNCT***PUNCT
<artd>|ART|F|S|@>N***PROP|F|S|@SUBJ>***<mv>|V|IMPF|3S|IND|@FS-STA***<np-idf>|N|F|S|@<ACC***PRP|@<ADVL***ADJ|M|S|@>N***<np-idf>|N|M|S|@<ACC***PU|@PU***PU|@PU***PU|@PU
det = Silvia***nsubj = tava***ROOT = tava***obj = tava***obj = tava***amod = s√°bado***obj = tava***punct = tava***punct = tava***punct = tava
Droga***,***acho***que***deixei***o***frango***queimar***no***forno***.
PROPN***PUNCT***VERB***SCONJ***VERB***DET***NOUN***VERB***PRON***NOUN***PUNCT
PROP|F|S|@SUBJ>***PU|@PU***<mv>|V|PR|1S|IND|@FS-STA***KS|@SUB***<mv>|V|PS|3S|IND|@FS-N<***<artd>|ART|M|S|@>N***<np-def>|N|M|S|@<ACC***<mv>|V|INF|@ICL-<ACC***PERS|M|3S|ACC|@<ACC***<np-idf>|N|M|S|@<ACC***PU|@PU
nsubj = acho***punct = Droga***ROOT = acho***mark = deixei***ccomp = acho***det = frango***nsubj = queimar***xcomp = deixei***obj = queimar***obj = queimar***punct = acho
Ah***,***como***eu***queria***voltar***a***ser***crian√ßa***!
ADV***PUNCT***ADV***PRON***VERB***AUX***ADP***VERB***ADJ***PUNCT
<kc>|ADV|@ADVL>***PU|@PU***<rel>|ADV|@ADVL>***PERS|M/F|1S|NOM|@SUBJ>***<mv>|V|IMPF|3S|IND|@FS-P<***<aux>|V|INF|@ICL-<ACC***PRP|@PRT-AUX<***<mv>|V|INF|@ICL-AUX<***ADJ|F|S|@<SC***PU|@PU
ROOT = Ah***punct = Ah***advmod = queria***nsubj = queria***advcl = Ah***aux = crian√ßa***nmod = crian√ßa***cop = crian√ßa***xcomp = queria***punct = Ah
Hum***!***Esse***brigadeiro***estava***muito***gostoso***.
PROPN***PUNCT***DET***NOUN***VERB***ADV***ADJ***PUNCT
PROP|M|S|@NPHR***PU|@PU***<dem>|DET|M|S|@>N***<np-def>|N|M|S|@SUBJ>***<mv>|V|IMPF|3S|IND|@FS-STA***<quant>|ADV|@>A***ADJ|M|S|@<SC***PU|@PU
ROOT = Hum***punct = Hum***det = brigadeiro***nsubj = gostoso***cop = gostoso***advmod = gostoso***ROOT = gostoso***punct = gostoso
Puxa***!***Hoje***n√£o***foi***o***meu***dia***de***sorte***.
NOUN***PUNCT***ADV***ADV***VERB***DET***DET***NOUN***ADP***NOUN***PUNCT
<np-idf>|N|F|S|@NPHR***PU|@PU***ADV|@ADVL>***ADV***<mv>|V|PS|3S|IND|@FS-STA***<artd>|ART|M|S|@>N***<poss>|DET|M|S|@>N***<np-def>|N|M|S|@<SC***PRP|@N<***<np-idf>|N|F|S|@P<***PU|@PU
ROOT = Puxa***punct = Puxa***advmod = dia***advmod = dia***cop = dia***det = dia***det = dia***ROOT = dia***case = sorte***nmod = dia***punct = dia
Psiu***,***Fa√ßa***sil√™ncio***!
PROPN***PUNCT***PROPN***ADJ***PUNCT
PROP|F|S|@NPHR***PU|@PU***PROPN***ADJ|M|S|@N<***PU|@PU
nsubj = Fa√ßa***punct = Psiu***ROOT = Fa√ßa***obj = Fa√ßa***punct = Fa√ßa
Pow***cara***,***larga***esse***tro√ßo***pra***la***!
PROPN***NOUN***PUNCT***VERB***DET***NOUN***ADP***PRON***PUNCT
PROP|M|S|@SUBJ>***<np-idf>|N|F|S|@SUBJ>***PU|@PU***<mv>|V|PR|3S|IND|@FS-STA***<dem>|DET|M|S|@>N***<np-def>|N|M|S|@<ACC***PRP|@<ADVL***PERS|F|3S|ACC|@<ACC***PU|@PU
ROOT = Pow***obj = Pow***punct = Pow***parataxis = Pow***det = tro√ßo***obj = larga***case = la***nmod = tro√ßo***punct = Pow
Onde***nois***vai***?
ADV***ADV***VERB***PUNCT
<rel>|ADV|@ADVL>***ADV|@ADVL>***<mv>|V|PR|3S|IND|@FS-N<PRED***PU|@PU
advmod = vai***advmod = vai***ROOT = vai***punct = vai
Mano***,***cola***aqui***.
PROPN***PUNCT***NOUN***ADV***PUNCT
PROP|M|S|@SUBJ>***PU|@PU***<np-idf>|N|F|S|@N<PRED***ADV|@<ADVL***PU|@PU
nsubj = cola***punct = Mano***ROOT = cola***advmod = cola***punct = cola
Muito***obrigada***por***registrar***nossa***chacota***.
ADV***VERB***ADP***VERB***DET***NOUN***PUNCT
<quant>|ADV|@ADVL>***<mv>|V|PCP|F|S|@ICL-N<PRED***PRP|@<ADVL***<mv>|V|INF|@ICL-P<***<poss>|DET|F|S|@>N***<np-def>|N|F|S|@<ACC***PU|@PU
advmod = obrigada***ROOT = obrigada***mark = registrar***xcomp = obrigada***det = chacota***obj = registrar***punct = obrigada
Hownt***,***que***fofo*******-****
NOUN***PUNCT***PRON***VERB***PUNCT***PUNCT***PUNCT
<np-idf>|N|F|S|@NPHR***PU|@PU***<rel>|INDP|F|S|@SUBJ>***<mv>|V|PR|3S|IND|@FS-N<PRED***PU|@PU***PU|@PU***PU|@PU
ROOT = Hownt***punct = Hownt***dep = Hownt***dep = Hownt***punct = Hownt***punct = Hownt***punct = Hownt
Ow***,***bora***la***na***rep***?
ADV***PUNCT***NOUN***PRON***ADP***NOUN***PUNCT
ADV|@ADVL>***PU|@PU***<np-idf>|N|F|S|@N<PRED***PERS|F|3S|ACC|@<ACC***PRP|@<ADVL***<np-idf>|N|M|S|@<ACC***PU|@PU
ROOT = Ow***punct = Ow***parataxis = Ow***obj = bora***obj = bora***obj = bora***punct = bora
Da***um***salve***aqui***.
ADV***DET***NOUN***ADV***PUNCT
<setop>|ADV|@>A***<arti>|ART|M|S|@>N***<np-idf>|N|M|S|@<ACC***ADV|@<ADVL***PU|@PU
ROOT = Da***det = salve***obj = Da***advmod = salve***punct = Da
Eu***to***morto***!
PRON***VERB***VERB***PUNCT
PERS|M|1S|NOM|@SUBJ>***<mv>|V|PR|1S|IND|@FS-STA***<mv>|V|PCP|M|S|@ICL-<SC***PU|@PU
nsubj = morto***flat:name = Eu***ROOT = morto***punct = morto
N√£o***faz***isso***cara***,***moh***ideia***errada***!
ADV***VERB***PRON***NOUN***PUNCT***ADV***NOUN***VERB***PUNCT
ADV***<mv>|V|PR|3S|IND|@FS-STA***<dem>|INDP|M|S|@SUBJ>***<np-idf>|N|F|S|@<ACC***PU|@PU***ADV***<np-idf>|N|F|S|@<ACC***<mv>|V|PCP|F|S|@ICL-N<***PU|@PU
advmod = faz***ROOT = faz***obj = faz***amod = isso***punct = faz***nummod = ideia***parataxis = faz***acl = ideia***punct = faz
iiihh***,***buguei***!***!
ADJ***PUNCT***ADV***PUNCT***PUNCT
ADJ|F|P|@N<***PU|@PU***<kc>|ADV|@<ADVL***PU|@PU***PU|@PU
amod = buguei***punct = iiihh***ROOT = buguei***punct = buguei***punct = buguei
Muleque***chavoso***.
NOUN***ADJ***PUNCT
<np-idf>|N|M|S|@NPHR***ADJ|M|S|@N<***PU|@PU
ROOT = Muleque***amod = Muleque***punct = Muleque
Ningu√©m***mexe***com***meu***par√ßa***!
PRON***VERB***ADP***DET***NOUN***PUNCT
INDP|M|S|@SUBJ>***<mv>|V|PR|3S|IND|@FS-STA***PRP|@<ADVL***<poss>|DET|M|S|@>N***<np-def>|N|F|S|@P<***PU|@PU
nsubj = mexe***ROOT = mexe***case = par√ßa***det = par√ßa***obl = mexe***punct = mexe
Shippo***demais***aqueles***dois***!
NOUN***DET***DET***NUM***PUNCT
<np-idf>|N|M|S|@NPHR***<quant>|DET|F|P|@>N***<artd>|ART|M|P|@>N***<card>|<np-def>|NUM|M|P|@P<***PU|@PU
ROOT = Shippo***det = dois***det = dois***obj = Shippo***punct = Shippo
Minino***,***vai***barr√©***o***terrero***!
PROPN***PUNCT***AUX***VERB***DET***NOUN***PUNCT
PROP|M|S|@SUBJ>***PU|@PU***<aux>|V|PR|3S|IND|@FS-STA***<mv>|V|INF|@ICL-AUX<***<artd>|ART|M|S|@>N***<np-def>|N|M|S|@<ACC***PU|@PU
nsubj = barr√©***punct = Minino***aux = barr√©***ROOT = barr√©***det = terrero***obj = barr√©***punct = barr√©
T√¥***pistola***com***ele***desde***ontem***.
PROPN***NOUN***ADP***PRON***ADP***ADV***PUNCT
PROP|M|S|@SUBJ>***<np-idf>|N|F|S|@<ACC***PRP|@<ADVL***PERS|M|3S|NOM/PIV|@P<***PRP|@<ADVL***ADV|@P<***PU|@PU
ROOT = T√¥***obj = T√¥***case = ele***nmod = pistola***case = ontem***advmod = pistola***punct = T√¥
Tem***gente***que***passa***so***nas***costas***dos***outros***.
VERB***NOUN***PRON***VERB***ADP***ADJ***NOUN***VERB***PRON***PUNCT
<mv>|V|PR|3S|IND|@FS-STA***<np-idf>|N|F|S|@<ACC***<rel>|INDP|F|S|@SUBJ>***<mv>|V|PR|3S|IND|@FS-N<***PRP|@<ADVL***ADJ|F|P|@>N***<np-def>|N|F|P|@<ACC***<mv>|V|PCP|M|P|@ICL-N<***<diff>|<KOMP>|DET|M|P|@P<***PU|@PU
ROOT = Tem***obj = Tem***nsubj = passa***acl:relcl = gente***case = nas***obl = passa***obj = passa***acl = costas***obj = dos***punct = Tem
Zimbora***!
NOUN***PUNCT
<np-idf>|N|F|S|@NPHR***PU|@PU
ROOT = Zimbora***punct = Zimbora
Se***oc√™***ja***ta***encaminhando***√©***mais***tranquilo***.
SCONJ***SCONJ***ADV***NOUN***VERB***VERB***ADV***ADJ***PUNCT
KS|@SUB***KS|@SUB***ADV|@ADVL>***NOUN***<mv>|V|GER|@ICL-<ADVL***<mv>|V|PR|3S|IND|@FS-STA***<quant>|<KOMP>|ADV|@>A***<COMP>|ADJ|M|S|@<SC***PU|@PU
mark = encaminhando***nsubj = encaminhando***advmod = encaminhando***aux = encaminhando***advcl = tranquilo***cop = tranquilo***advmod = tranquilo***ROOT = tranquilo***punct = tranquilo
Mano***,***acho***que***namoral***tenho***muita***coisa***para***fazer***.
PROPN***PUNCT***VERB***SCONJ***ADJ***VERB***DET***NOUN***ADP***VERB***PUNCT
PROP|M|S|@SUBJ>***PU|@PU***<mv>|V|PR|1S|IND|@FS-STA***KS|@SUB***ADJ|M|S|@<SC***<mv>|V|PR|1S|IND|@FS-STA***<quant>|DET|F|S|@>N***<np-idf>|N|F|S|@<ACC***PRP|@N<***<mv>|V|INF|@ICL-P<***PU|@PU
nsubj = acho***punct = Mano***ROOT = acho***mark = tenho***advmod = tenho***ccomp = acho***det = coisa***obj = tenho***mark = fazer***acl = coisa***punct = acho
Caramba***velho***,***assim***n√£o***tem***como***.
NOUN***ADJ***PUNCT***ADV***ADV***VERB***ADP***PUNCT
<np-idf>|N|F|S|@NPHR***ADJ|M|S|@N<***PU|@PU***<kc>|ADV|@ADVL>***ADV***<mv>|V|PR|3S|IND|@FS-STA***<prd>|PRP|@<OC***PU|@PU
nsubj = tem***amod = Caramba***punct = Caramba***advmod = n√£o***advmod = tem***ROOT = tem***obj = tem***punct = tem
Isso***√©***close***errado***!
PRON***VERB***NOUN***VERB***PUNCT
<dem>|INDP|M|S|@SUBJ>***<mv>|V|PR|3S|IND|@FS-STA***<np-idf>|N|F|S|@<SC***<mv>|V|PCP|M|S|@ICL-N<***PU|@PU
nsubj = close***cop = close***ROOT = close***acl = close***punct = close
Lacrei***!
PROPN***PUNCT
PROP|M|S|@NPHR***PU|@PU
ROOT = Lacrei***punct = Lacrei
Sou***sambista***,***meu***amor***.
VERB***VERB***PUNCT***DET***NOUN***PUNCT
<mv>|V|PS|1S|IND|@FS-STA***<mv>|V|PCP|F|S|@ICL-<SC***PU|@PU***<poss>|DET|M|S|@>N***<np-def>|N|M|S|@<ACC***PU|@PU
cop = sambista***ROOT = sambista***punct = amor***det = amor***nsubj = sambista***punct = sambista
Num***faiz***mais***isso
ADV***VERB***ADV***PRON
ADV|@ADVL>***<mv>|V|INF|@ICL-P<***<setop>|ADV|@>A***<dem>|INDP|M|S|@<ACC
nsubj = faiz***ROOT = faiz***det = isso***obj = faiz
Que***raiva***>***:***c
SCONJ***NOUN***PROPN***PUNCT***VERB
KS|@SUB***<np-idf>|N|F|S|@SUBJ>***PROP|F|S|@N<***PU|@PU***<mv>|V|PCP|M|S|@ICL-N<PRED
det = raiva***ROOT = raiva***appos = raiva***punct = raiva***ROOT = c
Rushou***o***seriado***ontem***?
VERB***DET***NOUN***ADV***PUNCT
<mv>|V|PS|3S|IND|@FS-STA***<artd>|ART|M|S|@>N***<np-def>|N|M|S|@<ACC***ADV|@<ADVL***PU|@PU
ROOT = Rushou***det = seriado***obj = Rushou***advmod = seriado***punct = Rushou
Mano***,***bora***grindar***!
PROPN***PUNCT***NOUN***VERB***PUNCT
PROP|M|S|@SUBJ>***PU|@PU***<np-idf>|N|M|S|@N<PRED***<mv>|V|INF|@ICL-<ACC***PU|@PU
advmod = grindar***punct = Mano***nsubj = grindar***ROOT = grindar***punct = grindar
Eu***mexeno***aparece***idea
PRON***VERB***VERB***ADJ
PERS|M|1S|NOM|@SUBJ>***<mv>|V|PR|1S|IND|@FS-STA***<mv>|V|PR|3S|IND|@FS-STA***ADJ|M|S|@<SC
nsubj = aparece***advmod = aparece***ROOT = aparece***obj = aparece
E***com√©***que***faz***?***?
PUNCT***VERB***SCONJ***VERB***PUNCT***PUNCT
KC|@CO***<mv>|V|PS|3S|IND|@FS-STA***KS|@SUB***<mv>|V|PR|3S|IND|@FS-<ACC***PU|@PU***PU|@PU
cc = com√©***ROOT = com√©***mark = faz***ccomp = com√©***punct = com√©***punct = com√©
A***senhora***√©***destruidora***mesmo***viu***!
DET***NOUN***VERB***NOUN***ADV***VERB***PUNCT
<artd>|ART|F|S|@>N***<np-def>|N|F|S|@SUBJ>***<mv>|V|PR|3S|IND|@FS-STA***<np-idf>|N|F|S|@<SC***<quant>|ADV|@ADVL>***<mv>|V|PS|3S|IND|@FS-N<***PU|@PU
det = senhora***nsubj = destruidora***cop = destruidora***ROOT = destruidora***advmod = viu***advcl = destruidora***punct = destruidora
legal***..***mas***essa***m√∫sica***,***n√£o***d√°***,***viu***..***üòÇ
ADJ***PUNCT***CCONJ***DET***NOUN***PUNCT***ADV***VERB***PUNCT***VERB***PUNCT***PROPN
ADJ|M|S|@N<PRED***PU|@PU***<co-fcl>|<co-fmc>|<co-vfin>|KC|@CO***<dem>|DET|F|S|@>N***<np-def>|N|F|S|@SUBJ>***PU|@PU***ADV***<mv>|V|PR|3S|IND|@FS-STA***PU|@PU***<mv>|V|PS|3S|IND|@FS-STA***PU|@PU***PROP|F|S|@NPHR
ROOT = legal***punct = legal***cc = d√°***det = m√∫sica***nsubj = d√°***punct = d√°***advmod = d√°***ccomp = viu***punct = d√°***ROOT = viu***punct = viu***ROOT = üòÇ
N√£o***sei***oque***escrever
ADV***VERB***SCONJ***VERB
ADV***<mv>|V|PS|1S|IND|@FS-STA***KS|@SUB***<mv>|V|INF|@ICL-<ACC
advmod = sei***ROOT = sei***mark = escrever***ccomp = sei
Vim***pelo***coment√°rio***dum***cara***ae
VERB***DET***NOUN***ADP***NOUN***ADP
<mv>|V|PS|1S|IND|@FS-STA***<quant>|DET|M|S|@>N***<np-idf>|N|M|S|@P<***PRP|@N<***NOUN***PRP|@N<
advcl = cara***det = dum***amod = dum***obj = Vim***ROOT = cara***advmod = cara
se***ouvir***a***xuxa***de***traz***para***frente***ela***fala***que***a***terra***e***esf√©rica***.
SCONJ***VERB***DET***NOUN***ADP***VERB***ADP***ADV***PRON***VERB***SCONJ***DET***NOUN***CCONJ***ADJ***PUNCT
KS|@SUB***<mv>|V|INF|3S|@ICL-P<***<artd>|ART|F|S|@>N***<np-def>|N|F|S|@<ACC***PRP|@N<***<mv>|V|INF|@ICL-P<***PRP|@<ADVL***ADV|@P<***PERS|F|3S|NOM|@SUBJ>***<mv>|V|PR|3S|IND|@FS-STA***KS|@SUB***<artd>|ART|F|S|@>N***<first-cjt>|<np-def>|N|F|S|@SUBJ>***<co-postnom>|KC|@CO***<cjt>|ADJ|F|S|@N<***PU|@PU
expl = ouvir***advcl = fala***det = xuxa***obj = ouvir***mark = traz***acl = xuxa***case = frente***obl = traz***nsubj = fala***ROOT = fala***mark = terra***det = terra***ccomp = fala***cc = esf√©rica***conj = terra***punct = fala
ACREDITE***OU***N√ÉO***√©***d***ele***tbm***?***?***?
PROPN***PROPN***PROPN***VERB***ADP***PRON***ADV***PUNCT***PUNCT***PUNCT
PROPN***PROPN***PROPN***<mv>|V|PR|3S|IND|@FS-STA***<sam->|PRP|@<SC***PERS|M|3S|NOM|@SUBJ>***ADV|@<ADVL***PU|@PU***PU|@PU***PU|@PU
nsubj = √©***flat:name = ACREDITE***flat:name = ACREDITE***cop = tbm***case = ele***obl = tbm***ROOT = tbm***punct = tbm***punct = tbm***punct = tbm
quando***vc***pensa***que***j√°***viu***tudo***√©***a√≠***que***vc***n√£o***viu***nada***.
ADV***ADJ***VERB***SCONJ***ADV***VERB***PRON***VERB***ADV***ADV***ADP***ADV***VERB***PRON***PUNCT
<rel>|ADV|@ADVL>***ADJ|M|S|@P<***<mv>|V|PR|3S|IND|@FS-STA***KS|@SUB***ADV|@ADVL>***<mv>|V|PS|3S|IND|@FS-N<***<quant>|INDP|M|S|@<ACC***<mv>|V|PR|3S|IND|@FS-<ACC***<kc>|ADV|@<ADVL***<foc>|ADV|@ADVL>***ADP***ADV***<mv>|V|PS|3S|IND|@FS-<ACC***<quant>|INDP|M|S|@<ACC***PU|@PU
advmod = pensa***nsubj = pensa***advcl = a√≠***mark = viu***advmod = viu***ccomp = pensa***obj = viu***cop = a√≠***advmod = viu***mark = vc***ccomp = a√≠***advmod = viu***ROOT = viu***obj = viu***punct = viu
Eita***,***ser√°***q***teremos***um***v√≠deo***pol√™mico***em***breve***?
VERB***PUNCT***VERB***DET***DET***DET***NOUN***ADJ***ADP***NOUN***PUNCT
<mv>|V|PR|3S|IND|@FS-STA***PU|@PU***<mv>|V|FUT|3S|IND|@FS-STA***<artd>|ART|M|S|@>N***<arti>|ART|M|S|@>N***<arti>|ART|M|S|@>N***<np-idf>|N|M|S|@<ACC***ADJ|M|S|@N<***PRP|@N<***N|M|S|@P<***PU|@PU
nsubj = teremos***punct = Eita***aux = teremos***mark = teremos***ROOT = teremos***det = v√≠deo***obj = teremos***amod = v√≠deo***case = breve***obl = teremos***punct = teremos
Na***boa***eu***tava***totalmente***sem***interesse***mas***fui***l√°***pesquisar***e***.....***ü§£***ü§£***ü§£***ü§£***ü§£
ADP***ADJ***PRON***VERB***ADV***ADP***NOUN***CCONJ***VERB***ADV***VERB***CCONJ***PUNCT***PROPN***PROPN***PROPN***PROPN***PROPN
PRP|@ADVL>***ADJ|F|S|@>N***PERS|M/F|1S|NOM|@SUBJ>***<mv>|V|IMPF|3S|IND|@FS-STA***<quant>|ADV|@<ADVL***PRP|@<ADVL***<np-idf>|N|M|S|@P<***<co-fcl>|<co-fmc>|<co-vfin>|KC|@CO***<cjt>|<mv>|V|PS|3S|IND|@FS-STA***ADV|@<ADVL***<mv>|V|INF|@ICL-<SUBJ***<co-fcl>|<co-fmc>|<co-vfin>|KC|@CO***PU|@PU***PROPN***PROPN***PROPN***PROPN***PROPN
nsubj = tava***amod = tava***nsubj = tava***ROOT = tava***advmod = tava***case = interesse***obl = tava***cc = pesquisar***aux = pesquisar***advmod = pesquisar***conj = tava***cc = ü§£***nummod = ü§£***conj = pesquisar***obl = pesquisar***obl = pesquisar***amod = ü§£***obj = pesquisar
vey***q***coincid√™ncia***hein
VERB***DET***NOUN***ADV
<mv>|V|PS|3S|IND|@FS-STA***<artd>|ART|M|S|@>N***<np-def>|N|F|S|@<SUBJ***ADV|@N<
aux = coincid√™ncia***cc = coincid√™ncia***ROOT = coincid√™ncia***amod = coincid√™ncia
Faltou***os***gato***F√©lix
VERB***DET***NOUN***PROPN
<mv>|V|PS|3S|IND|@FS-STA***<artd>|ART|M|P|@>N***<np-def>|N|M|S|@<SUBJ***PROP|M|S|@N<
ROOT = Faltou***det = gato***obj = Faltou***appos = gato
Eu***n√£o***pego***ningu√©m***pq***n√£o***saio***e***sou***feio
PRON***ADV***VERB***PRON***NOUN***ADV***NOUN***CCONJ***VERB***ADJ
PERS|M|1S|NOM|@SUBJ>***ADV***<mv>|V|PS|1S|IND|@FS-STA***INDP|M|S|@SUBJ>***<np-def>|N|F|S|@<SUBJ***ADV***<cjt>|<np-idf>|N|M|S|@P<***<co-vfin>|KC|@CO***<cjt>|<mv>|V|PR|3P|IND|@FS-STA***ADJ|M|S|@<SC
nsubj = pego***advmod = pego***ROOT = pego***nsubj = saio***iobj = saio***advmod = saio***ccomp = pego***cc = feio***cop = feio***conj = pego
Xininho***e***goxtinha***ativados***.
PROPN***PUNCT***NOUN***VERB***PUNCT
<first-cjt>|PROP|M|S|@SUBJ>***KC|@CO***<cjt>|<np-idf>|N|F|S|@P<***<mv>|V|PCP|M|P|@ICL-N<***PU|@PU
ROOT = Xininho***cc = goxtinha***conj = Xininho***acl = Xininho***punct = Xininho
Q***delicia***de*** ***ilicitude***.
DET***NOUN***ADP***SPACE***ADJ***PUNCT
<artd>|ART|F|S|@>N***<np-def>|N|F|S|@SUBJ>***PRP|@N<***_SP***ADJ|F|S|@N<***PU|@PU
det = delicia***ROOT = delicia***case = ilicitude*** = de***nmod = delicia***punct = delicia
Sua***simplicidade***√©***dez***....
DET***NOUN***VERB***NUM***PUNCT
<poss>|DET|F|S|@>N***<np-def>|N|F|S|@SUBJ>***<mv>|V|PR|3S|IND|@FS-STA***<card>|NUM|M|P|@>N***PU|@PU
det = simplicidade***nsubj = dez***cop = dez***ROOT = dez***ROOT = ....
ate***quando***esses***idiotas***vao***disser***que***a***terra***plana***nao***tem***nen***sentido
VERB***ADV***DET***SYM***SCONJ***VERB***SCONJ***DET***NOUN***ADJ***CCONJ***VERB***NOUN***NOUN
<mv>|V|PR|3S|IND|@FS-STA***<rel>|ADV|@ADVL>***<dem>|DET|M|P|@>N***<np-def>|N|M|P|@SUBJ>***KS|@SUB***<mv>|V|INF|@ICL-AUX<***KS|@SUB***<artd>|ART|F|S|@>N***<np-def>|N|F|S|@SUBJ>***ADJ|F|S|@N<***<co-sta>|KC|@CO***<mv>|V|PR|3S|IND|@FS-<ACC***<np-idf>|N|F|P|@<ACC***<np-idf>|N|M|S|@<ACC
case = quando***advmod = disser***det = idiotas***nsubj = disser***advmod = disser***ROOT = disser***mark = tem***det = terra***nsubj = tem***amod = terra***advmod = tem***ccomp = disser***xcomp = tem***obj = nen
imagina***essa***m√∫sica***com***1bi***de***visualiza√ß√£o***e***ela***t√°***100***%***em***portugu√™s
VERB***DET***NOUN***ADP***NUM***ADP***NOUN***CCONJ***PRON***VERB***NUM***SYM***ADP***NOUN
<mv>|V|PR|3S|IND|@FS-STA***<dem>|DET|F|S|@>N***<np-def>|N|F|S|@<ACC***PRP|@<ADVL***<card>|NUM|M|P|@P<***PRP|@N<***<np-idf>|N|F|S|@P<***<co-fcl>|<co-fmc>|<co-vfin>|KC|@CO***PERS|F|3S|NOM|@SUBJ>***<cjt>|<mv>|V|PR|3S|IND|@FS-STA***<card>|NUM|M|P|@>N***<np-def>|N|M|P|@<ACC***PRP|@<ADVL***<np-idf>|N|M|S|@P<
ROOT = imagina***det = m√∫sica***obj = imagina***case = 1bi***obl = imagina***case = visualiza√ß√£o***nmod = 1bi***cc = t√°***nsubj = t√°***conj = imagina***nummod = %***obj = t√°***case = portugu√™s***obl = t√°
Essa***vai***ser***a***segunda***bater***1***bilhao
PRON***AUX***VERB***DET***ADJ***VERB***NUM***NOUN
<dem>|DET|F|S|@SUBJ>***<aux>|V|PR|3S|IND|@FS-STA***<mv>|V|INF|@ICL-AUX<***<artd>|ART|F|S|@>N***<NUM-ord>|ADJ|F|S|@>N***<mv>|V|INF|@ICL-AUX<***<card>|NUM|M|S|@>N***<np-def>|N|M|S|@<ACC
nsubj = segunda***aux = segunda***cop = segunda***det = segunda***ROOT = segunda***acl = segunda***nummod = bilhao***obj = bater
tudo***que***ele***canta***fica***legal
PRON***PRON***PRON***VERB***VERB***ADJ
<quant>|INDP|M|S|@SUBJ>***<rel>|INDP|M|S|@ACC>***PERS|M|3S|NOM|@SUBJ>***<mv>|V|PR|3S|IND|@FS-N<***<mv>|V|PR|3S|IND|@FS-<ACC***ADJ|F|S|@<SC
nsubj = fica***obj = canta***nsubj = canta***acl:relcl = tudo***ROOT = fica***amod = fica
quem***  ***gosta*** ***de*** ***chaves*** ***da*** ***um***  ***like
PRON***SPACE***VERB***SPACE***ADP***SPACE***NOUN***SPACE***ADP***SPACE***DET***SPACE***ADJ
<rel>|INDP|M/F|S|@SUBJ>***_SP***<mv>|V|PR|3S|IND|@FS-STA***_SP***PRP|@N<***_SP***<np-idf>|N|F|S|@P<***_SP***PRP|@N<***_SP***<arti>|ART|M|S|@>N***_SP***ADJ|M|S|@N<
nsubj = gosta*** = quem***ROOT = gosta*** = gosta***case = chaves*** = de***obl = gosta*** = chaves***punct = gosta*** = da***det = like*** = um***obj = gosta
Sera***q***quando***crian√ßa***imaginavam***q***seriao***esse***susseso***mundial***mesmo***dpois***q***morrecem
VERB***PRON***ADV***NOUN***VERB***DET***VERB***DET***NOUN***ADJ***ADV***ADP***ADP***VERB
<mv>|V|PR|3S|IND|@FS-STA***PERS|M/F|3S/P|ACC|@<SUBJ***<rel>|ADV|@ADVL>***<np-idf>|N|F|S|@P<***<mv>|V|IMPF|3P|IND|@FS-N<***<artd>|ART|M|S|@>N***<mv>|V|PR|3P|IND|@FS-<ACC***<dem>|DET|M|S|@>N***<np-def>|N|M|S|@<ACC***ADJ|M|S|@N<***<quant>|ADV|@<ADVL***PRP|@N<***PRP|@A<***<mv>|V|PR|3P|IND|@FS-STA
ROOT = Sera***cc = imaginavam***advmod = crian√ßa***nsubj = imaginavam***conj = Sera***mark = seriao***conj = imaginavam***det = susseso***obj = seriao***amod = susseso***advmod = dpois***amod = susseso***cc = morrecem***conj = Sera
Nossa***faz***anos***que***oh***seu***madruga***morreu*** ***de***30***anos***atras***1988***caramba
PROPN***VERB***NOUN***SCONJ***DET***DET***NOUN***VERB***SPACE***ADP***NUM***SYM***ADJ***VERB***VERB
PROP|M|S|@SUBJ>***<mv>|V|PR|3S|IND|@FS-STA***<np-idf>|N|M|P|@<ACC***KS|@SUB***<artd>|ART|M|P|@>N***<poss>|DET|M|S|@>N***<np-def>|N|M|S|@SUBJ>***<mv>|V|PS|3S|IND|@FS-STA***_SP***PRP|@N<***<card>|NUM|M|P|@>N***<np-def>|N|M|P|@P<***ADJ|M|P|@N<***<mv>|V|FUT|3S|IND|@FS-STA***<mv>|V|PR|3P|IND|@FS-N<
nsubj = faz***ROOT = faz***obj = faz***obj = morreu***det = madruga***det = madruga***nsubj = morreu***acl:relcl = anos*** = morreu***case = anos***nummod = anos***obl = morreu***amod = anos***obj = caramba***obj = morreu
Cara***..***eu***que***sou***estudante***de***biologia***fico***super***animado***e***com***vontade***de***fazer***programa√ß√£o***s√≥***por***causa***dos***seus***v√≠deos***.
NOUN***PUNCT***PRON***PRON***DET***NOUN***ADP***NOUN***ADJ***NOUN***VERB***CCONJ***ADP***NOUN***ADP***VERB***NOUN***ADV***ADP***NOUN***ADP***DET***SYM***PUNCT
<np-idf>|N|F|S|@NPHR***PU|@PU***PERS|M/F|1S|NOM|@SUBJ>***<rel>|INDP|F|S|@SUBJ>***<poss>|DET|M|S|@>N***<np-idf>|N|M|S|@<SC***PRP|@N<***<np-idf>|N|F|S|@P<***ADJ|M|S|@N<***<np-idf>|N|M|S|@N<***<mv>|V|PCP|M|S|@ICL-N<***<co-postnom>|KC|@CO***<cjt>|PRP|@N<***<np-idf>|N|F|S|@P<***PRP|@N<ARG***<mv>|V|INF|@ICL-P<***<np-idf>|N|F|S|@<ACC***ADV|@>A***PRP|@<ADVL***N|@P<***PRP|@N<***<poss>|<si>|DET|M|P|@>N***<np-def>|N|M|P|@<ACC***PU|@PU
ROOT = Cara***punct = Cara***nsubj = estudante***nsubj = estudante***cop = estudante***acl:relcl = Cara***case = biologia***nmod = estudante***amod = biologia***nmod:npmod = biologia***acl = super***cc = vontade***case = vontade***conj = biologia***mark = fazer***acl = vontade***obj = fazer***advmod = causa***case = causa***obl = fazer***acl = causa***det = v√≠deos***obj = dos***punct = Cara
QUANDO***ABRI***O***V√çDEO***JA***FECHEI***AS***PERNAS***PRA***N***LEVAR***CANETA
ADV***VERB***DET***PROPN***PROPN***PROPN***PROPN***PROPN***PROPN***NOUN***PROPN***PROPN
<rel>|ADV|@ADVL>***<mv>|V|INF|@ICL-SUBJ>***<artd>|ART|M|S|@>N***PROPN***PROPN***PROPN***PROPN***PROPN***PROPN***<np-idf>|N|M|S|@<ACC***PROPN***PROPN
advmod = ABRI***ROOT = ABRI***det = V√çDEO***ROOT = V√çDEO***flat:name = V√çDEO***flat:name = V√çDEO***flat:name = V√çDEO***flat:name = AS***ROOT = PRA***ROOT = N***flat:name = N***flat:name = N
Ronaldinho***nao***jogava***dava***show
PROPN***VERB***VERB***VERB***NOUN
PROP|M|S|@SUBJ>***<mv>|V|PR|3S|IND|@FS-STA***<mv>|V|IMPF|3S|IND|@FS-STA***<mv>|V|IMPF|3S|IND|@FS-STA***<np-idf>|N|M|S|@<ACC
nsubj = jogava***advmod = jogava***ROOT = jogava***xcomp = jogava***obj = dava
obrigado***por***mostrar***a***o***mundo***a***onde***vc***passou***a***alegria***do***futebol
VERB***ADP***VERB***ADP***DET***NOUN***ADP***ADV***ADJ***VERB***DET***NOUN***ADP***NOUN
<mv>|V|PCP|M|S|@ICL-N<PRED***PRP|@<ADVL***<mv>|V|INF|@ICL-P<***<sam->|PRP|@<PIV***<-sam>|<artd>|ART|M|S|@>N***<np-def>|N|M|S|@P<***PRP|@PIV>***<rel>|ADV|@ADVL>***ADJ|M|S|@N<***<mv>|V|PS|3S|IND|@FS-<ACC***<artd>|ART|F|S|@>N***<np-def>|N|F|S|@<ACC***PRP|@<ADVL***<np-idf>|N|M|S|@P<
ROOT = obrigado***mark = mostrar***xcomp = obrigado***case = mundo***det = mundo***obl = mostrar***case = onde***obl = passou***nsubj = passou***acl:relcl = mundo***det = alegria***obj = passou***case = futebol***nmod = alegria
Se***esse***cara***n√£o***tiver***poderes***sobrenaturais***,***ningu√©m***explica***Ronaldinho
SCONJ***PRON***NOUN***ADV***VERB***NOUN***ADJ***PUNCT***PRON***VERB***PROPN
KS|@SUB***<dem>|DET|M|S|@SUBJ>***<np-def>|N|M|S|@SUBJ>***ADV***<mv>|V|INF|@ICL-<ACC***<np-idf>|N|M|P|@<ACC***ADJ|M|P|@N<***PU|@PU***INDP|M|S|@SUBJ>***<mv>|V|PR|3S|IND|@FS-STA***PROP|M|S|@<SUBJ
mark = tiver***det = cara***nsubj = tiver***advmod = tiver***advcl = explica***obj = tiver***amod = poderes***punct = tiver***nsubj = explica***ROOT = explica***obj = explica
kkkkk***2***hrs***da***manh√£***e***eu***rindo***q***n***louca***aq***!***Kkkkkkk
NOUN***NUM***NOUN***ADP***NOUN***CCONJ***PRON***VERB***ADP***DET***NOUN***ADJ***PUNCT***NOUN
<np-idf>|N|M|S|@NPHR***<card>|NUM|M|P|@>N***NOUN***ADP***NOUN***<co-fcl>|<co-fmc>|<co-vfin>|KC|@CO***PERS|M/F|1S|NOM|@SUBJ>***<mv>|V|GER|@ICL-<ADVL***<sam->|PRP|@<PIV***<-sam>|<artd>|ART|M|S|@>N***<np-def>|N|M|S|@<ACC***ADJ|M|S|@N<***PU|@PU***<np-idf>|N|M|P|@NPHR
ROOT = kkkkk***nummod = hrs***ROOT = hrs***compound = hrs***compound = hrs***cc = rindo***nsubj = rindo***conj = hrs***cc = aq***det = aq***amod = aq***ccomp = rindo***punct = hrs***ROOT = Kkkkkkk
Na***boa***,***quem***n***essa***gera√ß√£o***conhece***Adoniran***Barbosa***?
PROPN***ADJ***PUNCT***PRON***ADP***DET***NOUN***VERB***PROPN***PROPN***PUNCT
PROPN***ADJ|F|S|@<SC***PU|@PU***<rel>|INDP|M|S|@SUBJ>***<sam->|PRP|@ADVL>***<dem>|DET|F|S|@>N***<np-def>|N|F|S|@SUBJ>***<mv>|V|PR|3S|IND|@FS-STA***PROPN***PROPN***PU|@PU
ROOT = Na***obj = Na***punct = Na***nsubj = conhece***case = gera√ß√£o***det = gera√ß√£o***obl = conhece***acl:relcl = Na***obj = conhece***flat:name = Adoniran***punct = Na
d+***esse***Beto***√©***um***genio***da***Hora***!***!***!
VERB***DET***PROPN***VERB***DET***NOUN***ADP***PROPN***PUNCT***PUNCT***PUNCT
<mv>|V|PR|3S|IND|@FS-STA***<dem>|DET|M|S|@>N***PROP|M|S|@SUBJ>***<mv>|V|PR|3S|IND|@FS-STA***<arti>|ART|M|S|@>N***<np-idf>|N|M|S|@<SC***PRP|@N<***PROP|F|S|@P<***PU|@PU***PU|@PU***PU|@PU
csubj = genio***det = Beto***obj = d+***cop = genio***det = genio***ROOT = genio***case = Hora***nmod = genio***punct = genio***punct = genio***punct = genio
S√≥***minhas***lagrima***que***ta***correndo***vo***limpa***aqui
ADV***NOUN***VERB***SCONJ***NOUN***VERB***ADV***ADJ***ADV
ADV|@>N***<np-idf>|N|F|P|@P<***<mv>|V|PR|3S|IND|@FS-STA***KS|@SUB***NOUN***<mv>|V|GER|@ICL-AUX<***ADV***ADJ|M|S|@N<***ADV|@<ADVL
advmod = lagrima***det = lagrima***ROOT = lagrima***nsubj = correndo***aux = correndo***acl:relcl = lagrima***obj = correndo***amod = vo***advmod = correndo
Eu***tbm***n√£o***sei***,***mas***acho***que***vc***devia***tentar
PRON***AUX***ADV***VERB***PUNCT***CCONJ***VERB***SCONJ***PRON***VERB***VERB
PERS|F|1S|NOM|@SUBJ>***<aux>|V|PR|3S|IND|@FS-STA***ADV***<mv>|V|PS|1S|IND|@FS-STA***PU|@PU***<co-fcl>|<co-fmc>|<co-vfin>|KC|@CO***<mv>|V|PR|1S|IND|@FS-STA***KS|@SUB***<dem>|INDP|M|S|@SUBJ>***<mv>|V|IMPF|3S|IND|@FS-<ACC***<mv>|V|INF|@ICL-AUX<
nsubj = tbm***ROOT = tbm***advmod = sei***xcomp = tbm***punct = acho***cc = acho***conj = tbm***mark = tentar***nsubj = tentar***aux = tentar***ccomp = acho
Tava***pensando***aqui***,***acho***q***vc***cometeu***varios***erros
VERB***VERB***ADV***PUNCT***VERB***DET***X***VERB***NOUN***ADJ
<mv>|V|IMPF|3S|IND|@FS-STA***<mv>|V|GER|@ICL-AUX<***ADV|@<ADVL***PU|@PU***<mv>|V|PR|1S|IND|@FS-STA***<artd>|ART|M|S|@>N***X***<mv>|V|PS|3S|IND|@FS-<ACC***<np-idf>|N|M|P|@<ACC***ADJ|M|P|@N<
aux = pensando***advcl = acho***advmod = pensando***punct = pensando***ROOT = acho***cc = vc***conj = acho***csubj = acho***obj = cometeu***amod = varios
Sla***como***faz***isso***,***tbm***to***com***duvidas***dms
ADP***ADV***VERB***PRON***PUNCT***ADV***VERB***ADP***NOUN***ADJ
PRP|@ADVL>***<rel>|ADV|@ADVL>***<mv>|V|PR|3S|IND|@FS-<ADVL***<dem>|INDP|M|S|@<ACC***PU|@PU***<foc>|ADV|@ADVL>***<mv>|V|PCP|M|P|@ICL-<SC***PRP|@<PIV***<np-idf>|N|F|P|@P<***ADJ|F|P|@N<
ROOT = Sla***advmod = faz***advcl = Sla***obj = faz***punct = faz***parataxis = Sla***obj = tbm***case = duvidas***obl = tbm***nmod:npmod = duvidas
Tava***correndo***demais***com***a***moto***Bl
AUX***VERB***ADV***ADP***DET***NOUN***PROPN
<aux>|V|IMPF|3S|IND|@FS-STA***<mv>|V|GER|@ICL-AUX<***<quant>|<KOMP>|<COMP>|ADV|@<ADVL***PRP|@<PIV***<artd>|ART|F|S|@>N***<np-def>|N|F|S|@P<***PROP|M|S|@N<
aux = correndo***ROOT = correndo***advmod = correndo***case = moto***det = moto***obl = correndo***appos = moto
Desculpa***mas***acabei***vendendo***o***carro***:(
NOUN***CCONJ***AUX***VERB***DET***NOUN***PROPN
<np-idf>|N|F|S|@NPHR***<co-fcl>|<co-fmc>|<co-vfin>|KC|@CO***<cjt>|<aux>|V|PR|3S|IND|@FS-STA***<mv>|V|GER|@ICL-AUX<***<artd>|ART|M|S|@>N***<np-def>|N|M|S|@<ACC***PROP|M|S|@N<
ROOT = Desculpa***cc = vendendo***aux = vendendo***conj = Desculpa***det = carro***obj = vendendo***appos = carro
S√≥***alegria***:)***Depois***a***gente***v√™***como***modificamos
ADV***NOUN***PUNCT***ADV***DET***NOUN***VERB***ADP***NOUN
ADV|@>N***<np-idf>|N|F|S|@NPHR***PU|@PU***ADV|@ADVL>***<artd>|ART|F|S|@>N***<np-def>|N|F|S|@SUBJ>***<mv>|V|PR|3S|IND|@FS-STA***<prd>|PRP|@<OC***<np-idf>|N|M|P|@P<
advmod = alegria***ROOT = alegria***obj = alegria***advmod = :)***det = gente***nsubj = v√™***parataxis = alegria***case = modificamos***obl = v√™
Tem***nem***o***que***faser***com***isso***,***pode***joga***fora
VERB***ADV***X***PRON***VERB***ADP***PRON***PUNCT***AUX***VERB***ADV
<mv>|V|PR|3S|IND|@FS-STA***ADV|@>N***PRON***<rel>|INDP|M|S|@SUBJ>***<mv>|V|INF|@ICL-AUX<***PRP|@<ADVL***<dem>|INDP|M|S|@P<***PU|@PU***<aux>|V|PR|3S|IND|@FS-STA***<mv>|V|INF|@ICL-AUX<***ADV|@<ADVL
advcl = joga***cc = o***obj = Tem***nsubj = faser***acl:relcl = o***case = isso***obl = faser***punct = faser***aux = joga***ROOT = joga***advmod = joga
Levei***o***carro***na***ofi√ßina***e***tive***que***troca***o***√≥lho
VERB***DET***NOUN***ADP***NOUN***CCONJ***VERB***SCONJ***VERB***DET***NOUN
<mv>|V|PR|3S|IND|@FS-STA***<artd>|ART|M|S|@>N***<np-def>|N|M|S|@<ACC***PRP|@N<***<np-idf>|N|F|S|@P<***<co-sta>|<co-fmc>|<co-vfin>|KC|@CO***<cjt>|<mv>|V|PS|3S|IND|@FS-STA***KS|@SUB***<mv>|V|PR|3S|IND|@FS-<ACC***<artd>|ART|M|S|@>N***<np-def>|N|M|S|@<ACC
ROOT = Levei***det = carro***obj = Levei***obj = Levei***obj = Levei***cc = tive***conj = Levei***mark = troca***ccomp = tive***det = √≥lho***obj = troca
N√£o***sei***como***as***pessoas***podem***ser***t√£o***ipocritas
ADV***VERB***ADV***DET***NOUN***AUX***VERB***ADV***ADJ
ADV***<mv>|V|PS|1S|IND|@FS-STA***<rel>|ADV|@ADVL>***<artd>|ART|F|P|@>N***<np-def>|N|F|P|@SUBJ>***<aux>|V|PR|3P|IND|@FS-STA***<mv>|V|INF|@ICL-AUX<***<quant>|<KOMP>|ADV|@>A***ADJ|F|P|@<SC
advmod = sei***ROOT = sei***mark = ipocritas***det = pessoas***nsubj = ipocritas***aux = ipocritas***cop = ipocritas***advmod = ipocritas***xcomp = sei
Fala***ae***mano***,***suave***ou***nem***?
VERB***ADP***ADJ***PUNCT***ADJ***CCONJ***CCONJ***PUNCT
<mv>|V|PR|3S|IND|@FS-STA***PRP|@<PIV***<first-cjt>|ADJ|M|S|@N<***PU|@PU***<cjt>|ADJ|M|S|@N<***<co-advl>|KC|@CO***<co-postnom>|KC|@CO***PU|@PU
ROOT = Fala***obj = Fala***xcomp = Fala***punct = suave***conj = mano***cc = nem***conj = mano***punct = Fala
Caraca***menor***,***tu***√©***brabo***demais***,***nem***sei***como***tu***fez***isso
VERB***ADV***PUNCT***SCONJ***VERB***NOUN***PROPN***PUNCT***CCONJ***NOUN***ADV***PRON***VERB***PRON
<mv>|V|PR|3S|IND|@FS-STA***<quant>|ADV|@<ADVL***PU|@PU***KS|@SUB***<mv>|V|PR|3S|IND|@FS-STA***<np-idf>|N|M|S|@<SC***PROP|M|S|@N<***PU|@PU***<co-fcl>|<co-vfin>|KC|@CO***<np-def>|N|M|S|@<ACC***<interr>|ADV|@ADVL>***PERS|M|3S|ACC|@ACC>***<mv>|V|PS|3S|IND|@FS-<ADVL***<dem>|INDP|M|S|@<ACC
advcl = brabo***amod = Caraca***punct = Caraca***nsubj = brabo***cop = brabo***ROOT = brabo***advmod = brabo***punct = sei***cc = sei***conj = brabo***advmod = fez***nsubj = fez***advcl = sei***obj = fez
Nem***sei***cara***,***qual***foi***d***essa***id√©ia***errada***ae***?
ADV***VERB***NOUN***PUNCT***PRON***VERB***ADP***DET***NOUN***VERB***ADP***PUNCT
ADV|@ADVL>***<mv>|V|PS|1S|IND|@FS-STA***<np-idf>|N|F|S|@<ACC***PU|@PU***<rel>|INDP|M/F|S|@SUBJ>***<mv>|V|PS|3S|IND|@FS-N<PRED***<sam->|PRP|@<SC***<-sam>|<dem>|DET|F|S|@>N***<np-def>|N|F|S|@P<***<mv>|V|PCP|F|S|@ICL-N<***PRP|@<ADVL***PU|@PU
advmod = sei***ROOT = sei***obj = sei***punct = sei***parataxis = sei***cop = qual***case = id√©ia***det = id√©ia***nsubj = qual***acl = id√©ia***advmod = errada***punct = sei
Psiu***!***Est√£o***te***chamando
PROPN***PUNCT***AUX***PRON***VERB
PROP|F|S|@NPHR***PU|@PU***<aux>|V|PR|3P|IND|@FS-STA***PERS|M|3S|ACC|@ACC>-PASS***<mv>|V|GER|@ICL-AUX<
ROOT = Psiu***punct = Psiu***aux = chamando***nsubj = chamando***ROOT = chamando
Ah***,***como***sinto***falta***da***minha***moto
ADV***PUNCT***ADP***NOUN***NOUN***ADP***DET***NOUN
<kc>|ADV|@ADVL>***PU|@PU***<prd>|PRP|@<SC***<np-idf>|N|M|S|@P<***NOUN***PRP|@N<***<poss>|DET|F|S|@>N***<np-def>|N|F|S|@P<
ROOT = Ah***punct = Ah***case = sinto***obl = Ah***amod = sinto***case = moto***det = moto***nmod = sinto
Coitado***,***est√°***passando***mal***at√©***agora
VERB***PUNCT***AUX***VERB***ADV***ADP***ADV
<mv>|V|PCP|M|S|@ICL-PRED>***PU|@PU***<aux>|V|PR|3S|IND|@FS-STA***<mv>|V|GER|@ICL-AUX<***ADV|@<ADVL***PRP|@<ADVL***<kc>|ADV|@P<
nsubj = passando***punct = Coitado***aux = passando***ROOT = passando***advmod = passando***case = agora***advmod = passando
Tudo***vai***dar***certo***,***se***Deus***quiser***!
PRON***AUX***VERB***ADJ***PUNCT***SCONJ***PROPN***VERB***PUNCT
<quant>|INDP|M|S|@SUBJ>***<aux>|V|PR|3S|IND|@FS-STA***<mv>|V|INF|@ICL-AUX<***ADJ|M|S|@<OC***PU|@PU***KS|@SUB***PROP|M|S|@SUBJ>***<mv>|V|FUT|3S|SUBJ|@FS-ADVL>***PU|@PU
nsubj = dar***aux = dar***ROOT = dar***obj = dar***punct = dar***mark = quiser***nsubj = quiser***advcl = dar***punct = dar
Precisa***formatar***pela***propria***BIOS***da***placa-m√£e
VERB***VERB***NOUN***ADJ***PROPN***ADP***NOUN
<mv>|V|PR|3S|IND|@FS-STA***<mv>|V|INF|@ICL-<ACC***<np-idf>|N|F|S|@<ACC***ADJ|F|S|@N<***PROP|F|S|@N<***PRP|@N<***<np-idf>|N|M|S|@P<
nsubj = formatar***ROOT = formatar***obj = formatar***amod = pela***appos = pela***case = placa-m√£e***nmod = BIOS
Estamos***tentando***conseguir***o***Habeas***corpus
AUX***VERB***VERB***DET***PROPN***VERB
<aux>|V|PR|1P|IND|@FS-STA***<mv>|V|GER|@ICL-AUX<***<mv>|V|INF|@ICL-<ACC***<artd>|ART|M|S|@>N***PROP|M|S|@<ACC***<mv>|V|PR|3S|IND|@FS-<ACC
aux = tentando***ROOT = tentando***xcomp = tentando***det = Habeas***obj = conseguir***obj = conseguir
Depois***que***voc√™***ler***o***relat√≥rio***d√™***seu***Feedback***,***por***favor
ADV***SCONJ***PRON***VERB***DET***NOUN***ADP***DET***PROPN***PUNCT***ADP***NOUN
ADV|@ADVL>***KS|@A<***PERS|M/F|3S|NOM|@SUBJ>***<mv>|V|INF|@ICL-AUX<***<artd>|ART|M|S|@>N***<np-def>|N|M|S|@<ACC***PRP|@N<***<poss>|<si>|DET|M|S|@>N***PROP|M|S|@<ACC***PU|@PU***PRP|@<ADVL***N|M|S|@P<
advmod = d√™***mark = ler***nsubj = ler***advcl = d√™***det = relat√≥rio***obj = ler***ROOT = d√™***det = Feedback***obj = d√™***punct = d√™***case = favor***obl = d√™
N√≥s***vamos***reunir***com***os***investidores***para***abrir***a***Startup
PRON***AUX***VERB***ADP***DET***SYM***ADP***VERB***DET***PROPN
PERS|M/F|1P|NOM|@SUBJ>***<aux>|V|PR|1P|IND|@FS-STA***<mv>|V|INF|@ICL-AUX<***PRP|@<PIV***<artd>|ART|M|P|@>N***<np-def>|N|M|P|@P<***PRP|@N<***<mv>|V|INF|@ICL-P<***<artd>|ART|F|S|@>N***PROP|F|S|@<ACC
nsubj = reunir***aux = reunir***ROOT = reunir***case = investidores***det = investidores***obl = reunir***mark = abrir***acl = investidores***case = Startup***obl = abrir
Ele***esteve***de***mal***humor***porque***brigou***com***a***esposa
PRON***VERB***ADP***NOUN***ADJ***SCONJ***VERB***ADP***DET***NOUN
PERS|M|3S|NOM|@SUBJ>***<mv>|V|PS|3S|IND|@FS-STA***PRP|@<SA***NOUN***ADJ|F|S|@N<***KS|@SUB***<mv>|V|PS|3S|IND|@FS-N<***PRP|@<PIV***<artd>|ART|F|S|@>N***<np-def>|N|F|S|@P<
nsubj = mal***cop = mal***case = mal***ROOT = mal***amod = mal***mark = brigou***advcl = mal***case = esposa***det = esposa***obl = brigou
Concerteza***isso***deve***estar***errado***,***n√£o***√©***poss√≠vel
VERB***PRON***AUX***VERB***VERB***PUNCT***ADV***VERB***ADJ
<mv>|V|PR|3S|IND|@FS-STA***<dem>|INDP|M|S|@SUBJ>***<aux>|V|PR|3S|IND|@FS-STA***<mv>|V|INF|@ICL-AUX<***<mv>|V|PCP|M|S|@ICL-<SC***PU|@PU***ADV***<mv>|V|PR|3S|IND|@FS-STA***ADJ|M|S|@<SC
nsubj = errado***obj = Concerteza***aux = errado***cop = errado***advcl = poss√≠vel***punct = errado***advmod = poss√≠vel***cop = poss√≠vel***ROOT = poss√≠vel
N√£o***sei***mas***o***que***fazer
ADV***VERB***CCONJ***X***PRON***VERB
ADV***<mv>|V|PR|1S|IND|@FS-STA***<co-vfin>|KC|@CO***PRON***<rel>|INDP|M|S|@SUBJ>***<mv>|V|INF|@ICL-AUX<
advmod = sei***ROOT = sei***cc = fazer***det = que***nsubj = fazer***conj = sei
Eu***at√©***entendo***seu***lado***,***mais***preciso***seguir***meu***caminho
PRON***ADV***VERB***DET***NOUN***PUNCT***ADV***NOUN***VERB***DET***NOUN
PERS|F|1S|NOM|@SUBJ>***ADV|@ADVL>***<mv>|V|GER|@ICL-AUX<***<poss>|<si>|DET|M|S|@>N***<np-def>|N|M|S|@<ACC***PU|@PU***<quant>|<KOMP>|ADV|@>A***<np-idf>|N|M|S|@SUBJ>***<mv>|V|INF|@ICL-<SUBJ***<poss>|DET|M|S|@>N***<np-def>|N|M|S|@<ACC
nsubj = entendo***advmod = entendo***ROOT = entendo***det = lado***obj = entendo***punct = entendo***advmod = preciso***parataxis = entendo***csubj = preciso***det = caminho***obj = seguir
A***dois***dias***estou***lendo***os***conte√∫dos***da***prova
ADP***NUM***SYM***AUX***VERB***DET***SYM***ADP***NOUN
PRP|@ADVL>***<card>|NUM|M|P|@>N***<np-def>|N|M|P|@P<***<aux>|V|PS|3S|IND|@FS-STA***<mv>|V|GER|@ICL-AUX<***<artd>|ART|M|P|@>N***<np-def>|N|M|P|@<ACC***PRP|@N<***<np-idf>|N|F|S|@P<
case = dias***nummod = dias***obl = lendo***aux = lendo***ROOT = lendo***det = conte√∫dos***obj = lendo***case = prova***nmod = conte√∫dos
Qnd***eu***chegar***em***casa***falo***com***vc***,***bjs
VERB***PRON***VERB***ADP***NOUN***ADJ***ADP***NOUN***PUNCT***NOUN
<mv>|V|PR|3S|IND|@FS-STA***PERS|M/F|1S|NOM|@SUBJ>***<mv>|V|INF|@ICL-AUX<***PRP|@<SA***<np-idf>|N|F|S|@P<***ADJ|F|S|@N<***PRP|@<ADVL***<first-cjt>|<np-idf>|N|M|S|@P<***PU|@PU***<np-idf>|N|M|S|@N<PRED
aux = chegar***nsubj = chegar***ROOT = chegar***case = casa***obl = chegar***amod = casa***case = vc***nmod = casa***punct = chegar***obj = chegar
Nem***sei***oq***falar***de***vc***,***me***ajudou***dms***!
ADV***VERB***ADP***VERB***ADP***NOUN***PUNCT***PRON***VERB***NOUN***PUNCT
ADV|@ADVL>***<mv>|V|PS|1S|IND|@FS-STA***PRP|@PRT-AUX<***<mv>|V|INF|@ICL-AUX<***PRP|@<ADVL***N|F|S|@P<***PU|@PU***<refl>|PERS|M/F|1S|ACC|@ACC>***<mv>|V|PS|3S|IND|@FS-STA***<np-idf>|N|M|S|@<ACC***PU|@PU
cc = sei***advcl = ajudou***mark = falar***xcomp = sei***case = vc***obl = falar***punct = sei***iobj = ajudou***ROOT = ajudou***obj = ajudou***punct = ajudou
Tenho***que***dexar***meus***pertenses***no***arm√°rio
VERB***SCONJ***VERB***DET***SYM***ADP***NOUN
<mv>|V|PR|1S|IND|@FS-STA***KS|@PRT-AUX<***<mv>|V|INF|@ICL-AUX<***<poss>|DET|M|P|@>N***<np-def>|N|M|P|@<ACC***PRP|@N<***<np-idf>|N|M|S|@P<
aux = dexar***mark = dexar***ROOT = dexar***det = pertenses***obj = dexar***obj = dexar***obj = dexar
Ingl√™s***n√£o***√©***meu***forte***,***mas***portugu√™s***eu***distruo
PROPN***ADV***VERB***DET***NOUN***PUNCT***CCONJ***NOUN***PRON***ADJ
PROP|M|S|@SUBJ>***ADV***<mv>|V|PR|3S|IND|@FS-STA***<poss>|DET|M|S|@>N***<np-def>|N|M|S|@<SC***PU|@PU***<co-fcl>|<co-fmc>|<co-vfin>|KC|@CO***<cjt>|<np-idf>|N|M|S|@P<***PERS|M/F|1S|NOM|@SUBJ>***ADJ|F|P|@N<
nsubj = forte***advmod = forte***cop = forte***det = forte***ROOT = forte***punct = portugu√™s***cc = portugu√™s***nsubj = distruo***nsubj = distruo***conj = forte
Pega***as***folhas***pra***mim***escrever***o***que***preciso
ADP***DET***NOUN***ADP***VERB***VERB***X***PRON***ADJ
PRP|@ADVL>***<artd>|ART|F|P|@>N***<np-def>|N|F|P|@SUBJ>***PRP|@N<***<mv>|<pc-ind>|V|PCP|@ICL-AUX<***<mv>|V|INF|@ICL-<ACC***PRON***<rel>|INDP|M|S|@ACC>***ADJ|M|S|@<SC
ROOT = Pega***det = folhas***obj = Pega***case = mim***obl = Pega***xcomp = Pega***det = que***nsubj = preciso***ccomp = escrever
O***governo***anunciou***mudan√ßa***nas***leis***de***transito***.
DET***NOUN***VERB***NOUN***ADJ***NOUN***ADP***NOUN***PUNCT
<artd>|ART|M|S|@>N***<np-def>|N|M|S|@SUBJ>***<mv>|V|PS|3S|IND|@FS-STA***<np-idf>|N|F|S|@<ACC***ADJ|F|P|@>N***<np-def>|N|F|P|@<ACC***PRP|@N<***<np-idf>|N|M|S|@P<***PU|@PU
det = governo***nsubj = anunciou***ROOT = anunciou***obj = anunciou***amod = mudan√ßa***nmod:npmod = mudan√ßa***case = transito***nmod = leis***punct = anunciou
Tem***que***mecher***na***massa***.
AUX***SCONJ***VERB***ADP***NOUN***PUNCT
<aux>|V|PR|3S|IND|@FS-STA***KS|@PRT-AUX<***<mv>|V|INF|@ICL-AUX<***PRP|@<SA***<np-idf>|N|F|S|@<SC***PU|@PU
aux = mecher***mark = mecher***ROOT = mecher***obj = massa***obj = mecher***punct = mecher
Sejam***todos***benvindos***√†***minha***casa***.
VERB***DET***VERB***ADP***DET***NOUN***PUNCT
<mv>|V|PCP|M|S|@ICL-PRED>***<quant>|DET|M|P|@>N***<pass>|<mv>|V|PCP|M|P|@ICL-AUX<***PRP|@<PIV***<poss>|DET|F|S|@>N***<np-def>|N|F|S|@P<***PU|@PU
cop = benvindos***nsubj = benvindos***ROOT = benvindos***case = casa***det = casa***obl = benvindos***punct = benvindos
A***madrasta***d***ele***foi***buscar***p√£o***.
DET***NOUN***ADP***PRON***AUX***VERB***NOUN***PUNCT
<artd>|ART|F|S|@>N***<np-def>|N|F|S|@SUBJ>***<sam->|PRP|@N<***PERS|M|3S|NOM|@SUBJ>***<aux>|V|PS|3S|IND|@FS-STA***<mv>|V|INF|@ICL-AUX<***<np-idf>|N|M|P|@<ACC***PU|@PU
det = madrasta***nsubj = buscar***case = ele***nmod = madrasta***aux = buscar***ROOT = buscar***obj = buscar***punct = buscar
Foi***um***mendigo***la***da***pra√ßa***que***ouviu***o***barulho***.
VERB***DET***NOUN***PRON***ADP***NOUN***PRON***VERB***DET***NOUN***PUNCT
<mv>|V|PS|3S|IND|@FS-STA***<arti>|ART|M|S|@>N***<np-idf>|N|M|S|@<SC***PERS|F|3S|ACC|@<ACC***ADP***<np-idf>|N|F|S|@P<***<rel>|INDP|F|S|@SUBJ>***<mv>|V|PS|3S|IND|@FS-N<***<artd>|ART|M|S|@>N***<np-def>|N|M|S|@<ACC***PU|@PU
cop = la***det = mendigo***amod = la***ROOT = la***compound = la***amod = la***nsubj = ouviu***acl:relcl = la***det = barulho***obj = ouviu***punct = la
N√£o***se***sabe***o***por***que***d***isso***.
ADV***PRON***VERB***DET***ADP***PRON***ADP***PRON***PUNCT
ADV***PERS|M/F|3S/P|ACC|@SUBJ>***<mv>|V|PR|3S|IND|@FS-STA***<artd>|ART|M|S|@>N***PRP|@ADVL>***INDP|M|S|@P<***PRP|@ADVL>***<dem>|INDP|M|S|@P<***PU|@PU
advmod = sabe***nsubj = sabe***ROOT = sabe***nsubj = sabe***case = que***nmod = isso***case = isso***obl = sabe***punct = sabe
Aonde***que***vende***p√£o***aqui***?
VERB***SCONJ***VERB***NOUN***ADV***PUNCT
<mv>|V|PR|3S|IND|@FS-STA***KS|@SUB***<mv>|V|PR|3S|IND|@FS-N<***<np-idf>|N|M|P|@<ACC***ADV|@<ADVL***PU|@PU
ROOT = Aonde***mark = vende***ccomp = Aonde***obj = vende***advmod = p√£o***punct = Aonde
Isto***√©***um***assunto***entre***eu***e***voc√™***.
PRON***VERB***DET***NOUN***ADP***DET***CCONJ***PRON***PUNCT
<dem>|INDP|M|S|@SUBJ>***<mv>|V|PR|3S|IND|@FS-STA***<arti>|ART|M|S|@>N***<np-idf>|N|M|S|@<SC***PRP|@N<***DET|M|P|@>N***<co-prparg>|KC|@CO***PERS|M/F|3S|NOM|@SUBJ>***PU|@PU
nsubj = assunto***cop = assunto***det = assunto***ROOT = assunto***case = eu***nmod = assunto***cc = voc√™***conj = eu***punct = assunto
Nem***parece***que***estes***alunos***tem***prova***amanh√£***.
ADV***VERB***SCONJ***DET***SYM***VERB***NOUN***ADV***PUNCT
ADV|@ADVL>***<mv>|V|PR|3S|IND|@FS-STA***KS|@SUB***<dem>|DET|M|P|@>N***<np-def>|N|M|P|@SUBJ>***<mv>|V|PR|3S|IND|@FS-<ACC***<np-idf>|N|F|S|@<ACC***ADV|@<ADVL***PU|@PU
advmod = parece***ROOT = parece***mark = tem***det = alunos***nsubj = tem***ccomp = parece***obj = tem***advmod = prova***punct = parece
Comi***de***mais***.***Fiquei***muito***cheio***.
NOUN***ADP***ADV***PUNCT***VERB***ADV***ADJ***PUNCT
<np-idf>|N|M|S|@SUBJ>***PRP|@N<***ADV|@>A***PU|@PU***<mv>|V|PR|3S|IND|@FS-STA***<quant>|ADV|@>A***ADJ|M|S|@<SC***PU|@PU
ROOT = Comi***case = mais***advmod = Comi***punct = Comi***ROOT = Fiquei***advmod = cheio***xcomp = Fiquei***punct = Fiquei
T√°***blz***,***estarei***l√°***.
VERB***ADJ***PUNCT***VERB***ADV***PUNCT
<mv>|V|PR|3S|IND|@FS-STA***ADJ|M|S|@<SC***PU|@PU***<mv>|V|PS|1S|IND|@FS-STA***ADV|@<ADVL***PU|@PU
cop = blz***ROOT = blz***punct = blz***conj = blz***advmod = estarei***punct = blz
Para***o***sr***.***Adalberto***,***com***muito***carinho***.
ADP***DET***NOUN***PUNCT***ADV***PUNCT***ADP***ADV***NOUN***PUNCT
PRP|@ADVL>***<artd>|ART|M|S|@>N***<np-def>|N|M|S|@P<***PU|@PU***ADV|@ADVL>***PU|@PU***PRP|@N<PRED***<quant>|ADV|@>A***<np-idf>|N|M|S|@P<***PU|@PU
case = sr***det = sr***ROOT = sr***punct = sr***ROOT = Adalberto***punct = Adalberto***case = carinho***det = carinho***obl = Adalberto***punct = Adalberto
Obs***.***:***Na***tabela***a***m√©dia***√©***calculada***de***forma***ponderada***.
PROPN***PUNCT***PUNCT***ADP***VERB***DET***NOUN***VERB***VERB***ADP***NOUN***VERB***PUNCT
PROP|M|S|@NPHR***PU|@PU***PU|@PU***PRP|@ADVL>***<mv>|V|PR|3S|IND|@FS-STA***<artd>|ART|F|S|@>N***<np-def>|N|F|S|@SUBJ>***<mv>|V|PR|3S|IND|@FS-STA***<pass>|<mv>|V|PCP|F|S|@ICL-AUX<***PRP|@<ADVL***<np-idf>|N|F|S|@P<***<mv>|V|PCP|F|S|@ICL-N<***PU|@PU
ROOT = Obs***punct = Obs***punct = Obs***nsubj = tabela***nsubj:pass = calculada***det = m√©dia***obj = tabela***aux:pass = calculada***ROOT = calculada***case = forma***obl = calculada***acl = forma***punct = calculada
Vou***comprar***um***refrigerante***de***1L.
AUX***VERB***DET***NOUN***ADP***NUM
<aux>|V|PR|3P|IND|@FS-STA***<mv>|V|INF|@ICL-AUX<***<arti>|ART|M|S|@>N***<np-idf>|N|M|S|@<ACC***PRP|@N<***<card>|NUM|M|P|@P<
aux = comprar***ROOT = comprar***det = refrigerante***obj = comprar***case = 1L.***nmod = refrigerante
Esses***textos***foram***escritos***em***10ac***.
DET***SYM***VERB***ADJ***ADP***NUM***PUNCT
<dem>|DET|M|P|@>N***<np-def>|N|M|P|@SUBJ>***<mv>|V|PS|3P|IND|@FS-STA***ADJ|M|P|@<SC***PRP|@<ADVL***<card>|NUM|M|P|@P<***PU|@PU
det = textos***nsubj:pass = escritos***aux:pass = escritos***ROOT = escritos***case = 10ac***obl = escritos***punct = escritos
N√£o***estou***entendendo***esse***trem***.
ADV***AUX***VERB***DET***VERB***PUNCT
ADV***<aux>|V|PR|1S|IND|@FS-STA***<mv>|V|GER|@ICL-AUX<***<dem>|DET|M|S|@>N***<mv>|V|INF|3P|@ICL-P<***PU|@PU
advmod = entendendo***aux = entendendo***ROOT = entendendo***obj = trem***xcomp = entendendo***punct = entendendo
Meu***brother***que***me***arrumou***esse***trem***.
DET***NOUN***PRON***PRON***VERB***DET***NOUN***PUNCT
<poss>|DET|M|S|@>N***<np-def>|N|M|S|@SUBJ>***<rel>|INDP|M|S|@SUBJ>***<refl>|PERS|M/F|1S|ACC|@ACC>***<mv>|V|PS|3S|IND|@FS-N<***<dem>|DET|M|S|@>N***<np-def>|N|M|S|@<SUBJ***PU|@PU
det = brother***ROOT = brother***mark = arrumou***iobj = arrumou***acl:relcl = brother***obj = trem***xcomp = arrumou***punct = brother
Acabei***de***trollar***minha***namorada***.
PROPN***ADP***VERB***DET***NOUN***PUNCT
PROP|M|S|@NPHR***PRP|@PRT-AUX<***<mv>|V|INF|@ICL-P<***<poss>|DET|F|S|@>N***<np-def>|N|F|S|@<ACC***PU|@PU
aux = trollar***mark = trollar***ROOT = trollar***det = namorada***obj = trollar***punct = trollar
Voc√™***vai***na***festa***ne***?
PRON***AUX***ADP***ADJ***VERB***PUNCT
PERS|M/F|3S|NOM|@SUBJ>***<aux>|V|PR|3S|IND|@FS-STA***PRP|@PRT-AUX<***ADJ|F|S|@>N***<mv>|V|INF|@ICL-AUX<***PU|@PU
nsubj = vai***aux = festa***obj = festa***ROOT = festa***obj = festa***punct = festa
Aaa***,***para***com***isso***,***cara***.
PROPN***PUNCT***ADP***ADP***PRON***PUNCT***NOUN***PUNCT
PROP|M|S|@NPHR***PU|@PU***PRP|@ADVL>***PRP|@P<***<dem>|INDP|M|S|@P<***PU|@PU***<np-idf>|N|F|S|@N<PRED***PU|@PU
nsubj = cara***punct = isso***case = isso***case = isso***obl = cara***punct = isso***ROOT = cara***punct = cara
Que***pena***,***era***t√£o***novo***.
SCONJ***NOUN***PUNCT***VERB***ADV***ADJ***PUNCT
KS|@SUB***<np-idf>|N|F|S|@SUBJ>***PU|@PU***<mv>|V|IMPF|3S|IND|@FS-STA***<dem>|<quant>|ADV|@>A***ADJ|M|S|@<SC***PU|@PU
det = pena***nsubj = novo***punct = pena***cop = novo***advmod = novo***ROOT = novo***punct = novo
Cruzes***!***Deus***me***livre***.
NOUN***PUNCT***PROPN***PROPN***PROPN***PUNCT
<np-idf>|N|F|P|@NPHR***PU|@PU***PROPN***PROPN***PROPN***PU|@PU
ROOT = Cruzes***punct = Cruzes***ROOT = Deus***obj = Deus***amod = Deus***punct = Deus
Ufa***!***Consegui***acabar***o***trabalho***.
NOUN***PUNCT***VERB***VERB***DET***NOUN***PUNCT
<np-idf>|N|F|S|@NPHR***PU|@PU***<mv>|V|PR|1S|IND|@FS-STA***<mv>|V|INF|@ICL-<ACC***<artd>|ART|M|S|@>N***<np-def>|N|M|S|@<ACC***PU|@PU
ROOT = Ufa***punct = Ufa***ROOT = Consegui***xcomp = Consegui***det = trabalho***obj = acabar***punct = Consegui
Adorei***,***muito***bom***<3
PROPN***PUNCT***ADV***ADJ***NOUN
PROP|M|S|@NPHR***PU|@PU***<quant>|ADV|@>A***ADJ|M|S|@>N***<np-idf>|N|F|S|@NPHR
ROOT = Adorei***punct = Adorei***advmod = bom***amod = <3***obj = Adorei
Queria***te***ver***:(
VERB***PRON***VERB***PROPN
<mv>|V|PS|1S|IND|@FS-STA***PERS|M/F|3S/P|ACC|@<SUBJ***<mv>|V|INF|@ICL-<ACC***PROP|M|S|@<ACC
ROOT = Queria***iobj = Queria***xcomp = Queria***obj = ver
Pode***confiar***em***mim***;)
AUX***VERB***ADP***PRON***PUNCT
<aux>|V|PR|3S|IND|@FS-STA***<mv>|V|INF|@ICL-AUX<***PRP|@<PIV***PERS|M/F|1S|PIV|@P<***PU|@PU
aux = confiar***ROOT = confiar***case = mim***obl = confiar***obj = confiar
Nossa***,***n√£o***sabia***:O
DET***PUNCT***ADV***VERB***PUNCT
<poss>|DET|F|S|@>N***PU|@PU***ADV***<mv>|V|IMPF|3S|IND|@FS-STA***PU|@PU
nsubj = sabia***punct = Nossa***advmod = sabia***ROOT = sabia***obj = sabia
Esse***produto***custa***os***olhos***da***cara***.
DET***NOUN***VERB***DET***SYM***ADP***NOUN***PUNCT
<dem>|DET|M|S|@>N***<np-def>|N|M|S|@SUBJ>***<mv>|V|PR|3S|IND|@FS-STA***<artd>|ART|M|P|@>N***<np-def>|N|M|P|@<ACC***ADP***<np-idf>|N|F|S|@P<***PU|@PU
det = produto***nsubj = custa***ROOT = custa***det = olhos***obj = custa***compound = olhos***nmod = olhos***punct = custa
Eu***que***n√£o***vou***pagar***o***pato***.
PRON***SCONJ***ADV***DET***VERB***DET***NOUN***PUNCT
PERS|F|1S|NOM|@SUBJ>***KS|@SUB***ADV***<poss>|DET|F|S|@>N***<mv>|V|INF|@ICL-AUX<***<artd>|ART|M|S|@>N***<np-def>|N|M|S|@<ACC***PU|@PU
nsubj = pagar***mark = pagar***advmod = pagar***aux = pagar***ROOT = pagar***det = pato***obj = pagar***punct = pagar
Tenho***certeza***que***vai***tudo***terminar***em***pizza***.
VERB***NOUN***SCONJ***AUX***SCONJ***VERB***ADP***NOUN***PUNCT
<mv>|V|PR|1S|IND|@FS-STA***<np-idf>|N|F|S|@<ACC***KS|@SUB***<aux>|V|PR|3S|IND|@FS-N<***KS|@PRT-AUX<***<mv>|V|INF|@ICL-AUX<***PRP|@<ADVL***<np-idf>|N|F|S|@P<***PU|@PU
ROOT = Tenho***obj = Tenho***mark = terminar***aux = terminar***nsubj = terminar***ccomp = certeza***case = pizza***obl = terminar***punct = Tenho




















